#,,,,,,,,,,,,,,,,,,,,,,,,,,,,,,,
"# U.S. Geological Survey, National Water Information System",,,,,,,,,,,,,,,,,,,,,,,,,,,,,,,
# Surface water measurements,,,,,,,,,,,,,,,,,,,,,,,,,,,,,,,
#,,,,,,,,,,,,,,,,,,,,,,,,,,,,,,,
# Retrieved: 2023-11-02 13:46:16 EDT     (vaww02),,,,,,,,,,,,,,,,,,,,,,,,,,,,,,,
#,,,,,,,,,,,,,,,,,,,,,,,,,,,,,,,
# Further descriptions of the columns and codes used can be found at:,,,,,,,,,,,,,,,,,,,,,,,,,,,,,,,
# https://help.waterdata.usgs.gov/output-formats#streamflow_measurement_data,,,,,,,,,,,,,,,,,,,,,,,,,,,,,,,
#,,,,,,,,,,,,,,,,,,,,,,,,,,,,,,,
# Data for the following 1 site(s) are contained in this file,,,,,,,,,,,,,,,,,,,,,,,,,,,,,,,
"#  USGS 08329918 RIO GRANDE AT ALAMEDA BRIDGE AT ALAMEDA, NM",,,,,,,,,,,,,,,,,,,,,,,,,,,,,,,
# -----------------------------------------------------------------------------------,,,,,,,,,,,,,,,,,,,,,,,,,,,,,,,
#,,,,,,,,,,,,,,,,,,,,,,,,,,,,,,,
#,,,,,,,,,,,,,,,,,,,,,,,,,,,,,,,
agency_cd,site_no,measurement_nu,measurement_dt,tz_cd,q_meas_used_fg,party_nm,site_visit_coll_agency_cd,gage_height_va,discharge_va,measured_rating_diff,gage_va_change,gage_va_time,control_type_cd,discharge_cd,chan_nu,chan_name,meas_type,streamflow_method,velocity_method,chan_discharge,chan_width,chan_area,chan_velocity,chan_stability,chan_material,chan_evenness,long_vel_desc,horz_vel_desc,vert_vel_desc,chan_loc_cd,chan_loc_dist
5s,15s,6s,19d,12s,1s,12s,5s,12s,12s,12s,7s,6s,21s,15s,11n,64s,4s,5s,5s,14s,14s,14s,14s,4s,4s,4s,12s,9s,12s,7s,14s
USGS,8329918,1,7/14/2003 13:10,MDT,Yes,pds/dwl,USGS,10.94,508,Fair,0,1,Clear,NONE,1,Imported Channel 1,WADE,unspe,unkno,508,410,344,1.53,UNSP,UNSP,UNSP,unkn,UNSP,UNSP,UNSP,
USGS,8329918,2,8/13/2003 11:45,MDT,Yes,dwl,USGS,10.77,349,Fair,-0.03,2,Clear,NONE,1,Imported Channel 1,WADE,unspe,unkno,349,385,251,1.39,UNSP,UNSP,UNSP,unkn,UNSP,UNSP,UNSP,
USGS,8329918,3,11/3/2003 10:23,MST,Yes,mdc,USGS,10.66,239,Good,-0.02,1.2,Clear,NONE,1,Imported Channel 1,WADE,unspe,unkno,239,197,154,1.55,UNSP,UNSP,UNSP,unkn,UNSP,UNSP,UNSP,
USGS,8329918,4,12/16/2003 10:33,MST,Yes,mdc,USGS,10.95,511,Fair,0,1,Clear,NONE,1,Imported Channel 1,WADE,unspe,unkno,511,287,299,1.71,UNSP,UNSP,UNSP,unkn,UNSP,UNSP,UNSP,
USGS,8329918,5,1/12/2004 14:41,MST,Yes,dwl/kjb,USGS,10.89,475,Good,-0.01,1.8,Clear,NONE,1,Imported Channel 1,WADE,unspe,unkno,475,285,296,1.6,UNSP,UNSP,UNSP,unkn,UNSP,UNSP,UNSP,
USGS,8329918,6,3/22/2004 13:05,MST,Yes,rlm,USGS,11.23,1060,Good,0,2.1,Clear,NONE,1,Imported Channel 1,WADE,unspe,unkno,1060,528,641,1.65,UNSP,UNSP,UNSP,unkn,UNSP,UNSP,UNSP,
USGS,8329918,7,3/30/2004 13:29,MST,Yes,blm/skl,USGS,11.63,1670,Fair,0,1.6,,NONE,1,Imported Channel 1,CRAN,unspe,unkno,1670,695,939,1.78,UNSP,UNSP,UNSP,unkn,UNSP,UNSP,UNSP,
USGS,8329918,8,5/5/2004 9:30,MDT,Yes,brg/mdc,USGS,12.15,2260,Fair,0.03,1.4,,NONE,1,Imported Channel 1,CRAN,unspe,unkno,2260,675,1080,2.09,UNSP,UNSP,UNSP,unkn,UNSP,UNSP,UNSP,
USGS,8329918,9,6/8/2004 10:25,MDT,Yes,mdc,USGS,11.32,857,Good,0,1.3,,NONE,1,Imported Channel 1,WADE,unspe,unkno,857,429,467,1.84,UNSP,UNSP,UNSP,unkn,UNSP,UNSP,UNSP,
USGS,8329918,10,7/21/2004 10:38,MDT,Yes,mdc,USGS,11.02,525,Fair,0,1.2,Clear,NONE,1,Imported Channel 1,WADE,unspe,unkno,525,412,333,1.58,UNSP,UNSP,UNSP,unkn,UNSP,UNSP,UNSP,
USGS,8329918,11,8/16/2004 11:30,MDT,Yes,mdc,USGS,10.93,378,Fair,0,1.2,Clear,NONE,1,Imported Channel 1,WADE,unspe,unkno,378,395,258,1.46,UNSP,UNSP,UNSP,unkn,UNSP,UNSP,UNSP,
USGS,8329918,12,9/15/2004 11:10,MDT,Yes,mdc,USGS,10.77,233,Fair,-0.01,1.2,Clear,NONE,1,Imported Channel 1,WADE,unspe,unkno,233,300,176,1.32,UNSP,UNSP,UNSP,unkn,UNSP,UNSP,UNSP,
USGS,8329918,13,10/14/2004 14:39,MDT,Yes,mdc,USGS,10.75,271,Fair,0,1.4,Clear,NONE,1,Imported Channel 1,WADE,unspe,unkno,271,359,226,1.2,UNSP,UNSP,UNSP,unkn,UNSP,UNSP,UNSP,
USGS,8329918,14,11/10/2004 10:32,MST,Yes,mdc,USGS,11.13,598,Fair,0,1.3,,NONE,1,Imported Channel 1,WADE,unspe,unkno,598,383,360,1.66,UNSP,UNSP,UNSP,unkn,UNSP,UNSP,UNSP,
USGS,8329918,15,2/1/2005 12:11,MST,Yes,mdc,USGS,11.44,763,Good,-0.01,1.3,,NONE,1,Imported Channel 1,WADE,unspe,unkno,763,415,447,1.71,UNSP,UNSP,UNSP,unkn,UNSP,UNSP,UNSP,
USGS,8329918,16,4/12/2005 10:05,MDT,Yes,mdc,USGS,12.07,2220,Fair,0,3,Clear,NONE,1,Imported Channel 1,CRAN,unspe,unkno,2220,532,1120,1.98,UNSP,UNSP,UNSP,unkn,UNSP,UNSP,UNSP,
USGS,8329918,17,5/5/2005 10:54,MDT,Yes,mdc,USGS,13.34,4480,Fair,-0.04,3.5,Clear,NONE,1,Imported Channel 1,CRAN,unspe,unkno,4480,534,1960,2.28,UNSP,UNSP,UNSP,unkn,UNSP,UNSP,UNSP,
USGS,8329918,18,6/2/2005 10:45,MDT,Yes,mdc,USGS,14.16,6070,Fair,0.02,2.3,Clear,NONE,1,Imported Channel 1,CRAN,unspe,unkno,6070,696,2110,2.88,UNSP,UNSP,UNSP,unkn,UNSP,UNSP,UNSP,
USGS,8329918,19,7/28/2005 10:30,MDT,Yes,mdc,USGS,11.05,487,Good,0,1,Clear,NONE,1,Imported Channel 1,WADE,unspe,unkno,487,276,297,1.64,UNSP,UNSP,UNSP,unkn,UNSP,UNSP,UNSP,
USGS,8329918,20,8/31/2005 11:32,MDT,Yes,mdc,USGS,11.02,477,Fair,0.01,1,Clear,NONE,1,Imported Channel 1,WADE,unspe,unkno,477,334,315,1.51,UNSP,UNSP,UNSP,unkn,UNSP,UNSP,UNSP,
USGS,8329918,21,9/13/2005 10:42,MDT,Yes,SHL,USGS,10.81,392,Fair,0,1,Clear,NONE,1,Imported Channel 1,WADE,unspe,unkno,392,346,261,1.5,UNSP,UNSP,UNSP,unkn,UNSP,UNSP,UNSP,
USGS,8329918,22,11/10/2005 11:00,MST,Yes,mdc,USGS,11.07,556,Fair,0,1.2,Clear,NONE,1,Imported Channel 1,WADE,unspe,unkno,556,358,325,1.71,UNSP,UNSP,UNSP,unkn,UNSP,UNSP,UNSP,
USGS,8329918,23,12/15/2005 14:35,MST,Yes,JJG,USGS,11.48,761,Fair,-0.02,2.6,Clear,NONE,1,Imported Channel 1,WADE,unspe,unkno,761,416,456,1.67,UNSP,UNSP,UNSP,unkn,UNSP,UNSP,UNSP,
USGS,8329918,24,3/15/2006 11:25,MST,Yes,jg,USGS,10.97,480,Fair,0.04,1.8,Clear,NONE,1,Imported Channel 1,WADE,unspe,unkno,480,272,291,1.65,UNSP,UNSP,UNSP,unkn,UNSP,UNSP,UNSP,
USGS,8329918,25,4/4/2006 10:53,MDT,Yes,mdc,USGS,11.06,496,Fair,0.03,1.2,Clear,NONE,1,Imported Channel 1,WADE,unspe,unkno,496,394,335,1.48,UNSP,UNSP,UNSP,unkn,UNSP,UNSP,UNSP,
USGS,8329918,26,5/3/2006 10:51,MDT,Yes,mdc,USGS,11.13,604,Fair,0,1.5,Clear,NONE,1,Imported Channel 1,WADE,unspe,unkno,604,398,362,1.67,UNSP,UNSP,UNSP,unkn,UNSP,UNSP,UNSP,
USGS,8329918,27,5/26/2006 11:55,MDT,Yes,mdc,USGS,11.24,792,Fair,0,1.3,,NONE,1,Imported Channel 1,WADE,unspe,unkno,792,400,436,1.82,UNSP,UNSP,UNSP,unkn,UNSP,UNSP,UNSP,
USGS,8329918,28,7/6/2006 10:35,MDT,Yes,mdc/rmh,USGS,11.81,1550,Poor,,,Clear,NONE,1,Imported Channel 1,CRAN,unspe,unkno,1550,454,1010,1.53,UNSP,UNSP,UNSP,unkn,UNSP,UNSP,UNSP,
USGS,8329918,29,9/7/2006 15:25,MDT,Yes,mdc,USGS,11.02,510,Fair,0,1,Clear,NONE,1,Imported Channel 1,WADE,unspe,unkno,510,329,295,1.73,UNSP,UNSP,UNSP,unkn,UNSP,UNSP,UNSP,
USGS,8329918,30,10/3/2006 10:10,MDT,Yes,mdc,USGS,10.96,413,Fair,0,1.3,Clear,NONE,1,Imported Channel 1,WADE,unspe,unkno,413,368,286,1.44,UNSP,UNSP,UNSP,unkn,UNSP,UNSP,UNSP,
USGS,8329918,31,10/24/2006 10:12,MDT,Yes,mdc,USGS,10.99,449,Fair,0,1.4,Clear,NONE,1,Imported Channel 1,WADE,unspe,unkno,449,345,312,1.44,UNSP,UNSP,UNSP,unkn,UNSP,UNSP,UNSP,
USGS,8329918,32,12/13/2006 12:05,MST,Yes,mdc,USGS,11.6,981,Fair,0,1.5,Clear,NONE,1,Imported Channel 1,WADE,unspe,unkno,981,392,517,1.9,UNSP,UNSP,UNSP,unkn,UNSP,UNSP,UNSP,
USGS,8329918,33,3/1/2007 9:15,MST,Yes,jeb/rh,USGS,11.73,670,Fair,0.02,1.5,,NONE,1,Imported Channel 1,WADE,unspe,unkno,670,296,456,1.47,UNSP,UNSP,UNSP,unkn,UNSP,UNSP,UNSP,
USGS,8329918,34,4/10/2007 8:32,MDT,Yes,JEB/RMH,USGS,12.35,2120,Poor,0,2.2,Clear,NONE,1,Imported Channel 1,CRAN,unspe,unkno,2120,467,989,2.2,UNSP,UNSP,UNSP,unkn,UNSP,UNSP,UNSP,
USGS,8329918,35,4/23/2007 11:26,MDT,Yes,PSM/RMH,USGS,12.02,867,Fair,0.15,2,Clear,NONE,1,Imported Channel 1,WADE,unspe,unkno,867,428,540,1.6,UNSP,UNSP,UNSP,unkn,UNSP,UNSP,UNSP,
USGS,8329918,36,6/5/2007 9:29,MDT,Yes,JEB/PSM,USGS,12.91,2850,Fair,0.01,2,Clear,NONE,1,Imported Channel 1,CRAN,unspe,unkno,2850,685,1120,2.54,UNSP,UNSP,UNSP,unkn,UNSP,UNSP,UNSP,
USGS,8329918,37,6/21/2007 9:50,MDT,Yes,jeb/as,USGS,11.76,716,Fair,0.04,2,Clear,NONE,1,Imported Channel 1,WADE,unspe,unkno,716,394,441,1.62,UNSP,UNSP,UNSP,unkn,UNSP,UNSP,UNSP,
USGS,8329918,38,8/14/2007 13:19,MDT,Yes,psm/brg,USGS,11.65,560,Poor,0.02,1.5,,NONE,1,Imported Channel 1,WADE,unspe,unkno,560,427,387,1.44,UNSP,UNSP,UNSP,unkn,UNSP,UNSP,UNSP,
USGS,8329918,39,9/11/2007 9:28,MDT,Yes,jeb,USGS,11.53,378,Poor,0,1.2,Clear,NONE,1,Imported Channel 1,WADE,unspe,unkno,378,328,278,1.57,UNSP,UNSP,UNSP,unkn,UNSP,UNSP,UNSP,
USGS,8329918,40,10/26/2007 11:58,MDT,Yes,PSM,USGS,11.36,244,Fair,0,1,Clear,NONE,1,Imported Channel 1,WADE,unspe,unkno,244,294,171,1.42,UNSP,UNSP,UNSP,unkn,UNSP,UNSP,UNSP,
USGS,8329918,41,11/21/2007 10:37,MST,Yes,PSM,USGS,11.9,733,Fair,-0.02,2,Clear,NONE,1,Imported Channel 1,WADE,unspe,unkno,733,423,406,1.8,UNSP,UNSP,UNSP,unkn,UNSP,UNSP,UNSP,
USGS,8329918,42,12/18/2007 12:12,MST,Yes,PSM,USGS,11.79,698,Fair,0,2,Clear,NONE,1,Imported Channel 1,WADE,unspe,unkno,698,525,408,1.71,UNSP,UNSP,UNSP,unkn,UNSP,UNSP,UNSP,
USGS,8329918,43,1/8/2008 10:56,MST,Yes,PSM,USGS,12.1,926,Fair,0,2,Clear,NONE,1,Imported Channel 1,WADE,unspe,unkno,926,436,509,1.82,UNSP,UNSP,UNSP,unkn,UNSP,UNSP,UNSP,
USGS,8329918,44,2/7/2008 13:16,MST,Yes,ADS/PSM,USGS,11.93,767,Fair,0.02,2.3,Clear,NONE,1,Imported Channel 1,WADE,unspe,unkno,767,409,471,1.63,UNSP,UNSP,UNSP,unkn,UNSP,UNSP,UNSP,
USGS,8329918,45,4/1/2008 10:50,MDT,Yes,mls,USGS,13.69,4020,Fair,-0.03,2.5,DebrisHeavy,NONE,1,Imported Channel 1,CRAN,unspe,unkno,4020,597,1340,3,UNSP,UNSP,UNSP,unkn,UNSP,UNSP,UNSP,
USGS,8329918,46,4/15/2008 11:17,MDT,Yes,mls,USGS,13.12,3140,Fair,-0.03,2,Clear,NONE,1,Imported Channel 1,CRAN,unspe,unkno,3140,473,1150,2.74,UNSP,UNSP,UNSP,unkn,UNSP,UNSP,UNSP,
USGS,8329918,47,5/1/2008 10:21,MDT,Yes,mls,USGS,13.39,3610,Fair,-0.02,2,Clear,NONE,1,Imported Channel 1,CRAN,unspe,unkno,3610,488,1200,3.01,UNSP,UNSP,UNSP,unkn,UNSP,UNSP,UNSP,
USGS,8329918,48,5/23/2008 9:23,MDT,Yes,mls,USGS,13.83,4770,Fair,-0.05,2.5,Clear,NONE,1,Imported Channel 1,CRAN,unspe,unkno,4770,534,1540,3.11,UNSP,UNSP,UNSP,unkn,UNSP,UNSP,UNSP,
USGS,8329918,49,6/16/2008 11:05,MDT,Yes,JEB,USGS,13.3,3650,Fair,-0.06,2,Clear,NONE,1,Imported Channel 1,CRAN,unspe,unkno,3650,475,1420,2.57,UNSP,UNSP,UNSP,unkn,UNSP,UNSP,UNSP,
USGS,8329918,50,7/10/2008 12:29,MDT,Yes,mls,USGS,11.95,1000,Fair,0,2.8,Clear,NONE,1,Imported Channel 1,WADE,unspe,unkno,1000,330,502,2,UNSP,UNSP,UNSP,unkn,UNSP,UNSP,UNSP,
USGS,8329918,51,8/6/2008 9:21,MDT,Yes,mls,USGS,11.95,772,Fair,0.02,1.5,DebrisLight,NONE,1,Imported Channel 1,WADE,unspe,unkno,772,313,411,1.88,UNSP,UNSP,UNSP,unkn,UNSP,UNSP,UNSP,
USGS,8329918,52,9/5/2008 10:19,MDT,Yes,mls,USGS,11.92,559,Fair,0.08,1.2,Clear,NONE,1,Imported Channel 1,WADE,unspe,unkno,559,317,322,1.74,UNSP,UNSP,UNSP,unkn,UNSP,UNSP,UNSP,
USGS,8329918,53,10/3/2008 8:33,MDT,Yes,mls,USGS,11.88,505,Fair,0.01,1,Clear,NONE,1,Imported Channel 1,WADE,unspe,unkno,505,316,302,1.67,UNSP,UNSP,UNSP,unkn,UNSP,UNSP,UNSP,
USGS,8329918,54,10/10/2008 10:46,MDT,Yes,mls,USGS,11.56,480,Fair,0.01,1.5,Clear,NONE,1,Imported Channel 1,WADE,unspe,unkno,480,313,270,1.78,UNSP,UNSP,UNSP,unkn,UNSP,UNSP,UNSP,
USGS,8329918,55,10/22/2008 11:25,MDT,Yes,mls,USGS,11.19,327,Fair,-0.01,1.2,Unspecifed,NONE,1,Imported Channel 1,WADE,QSCMM,VPAA,327,269,206,1.59,SOFT,SAND,UNEV,unkn,UNEV,UNSP,DNST,30
USGS,8329918,56,11/20/2008 11:00,MST,Yes,mls,USGS,11.71,480,Fair,0.04,1,Unspecifed,NONE,1,Imported Channel 1,WADE,QSCMM,VPAA,480,307,287,1.67,SOFT,SAND,UNEV,unkn,UNEV,UNSP,UPST,50
USGS,8329918,57,12/30/2008 11:31,MST,Yes,mls,USGS,12.23,829,Fair,0.04,1.5,Clear,NONE,1,Imported Channel 1,WADE,QSCMM,VPAA,829,322,429,1.93,SOFT,SAND,UNEV,unkn,UNEV,UNSP,UPST,50
USGS,8329918,58,2/11/2009 11:21,MST,Yes,mls,USGS,11.9,753,Fair,0.03,1.5,Clear,NONE,1,Imported Channel 1,WADE,QSCMM,VPAA,753,291,348,2.16,SOFT,SAND,UNEV,unkn,UNSP,UNSP,UPST,300
USGS,8329918,59,3/10/2009 15:37,MDT,Yes,mls,USGS,12.13,1120,Fair,-0.03,2.5,DebrisLight,NONE,1,Imported Channel 1,WADE,QSCMM,VPAA,1120,301,493,2.28,SOFT,SAND,UNEV,unkn,EVEN,UNSP,UPST,75
USGS,8329918,60,3/31/2009 12:51,MDT,Yes,mls,USGS,12.58,1900,Fair,-0.03,3.5,Clear,NONE,1,Imported Channel 1,BRDS,QSCMM,VPAA,1900,466,830,2.3,SOFT,SAND,UNEV,unkn,UNEV,UNSP,ATGA,
USGS,8329918,61,4/23/2009 11:38,MDT,Yes,"mls,rm",USGS,12.51,1720,Fair,-0.03,3.2,Clear,NONE,1,Imported Channel 1,BRDS,QSCMM,VPAA,1720,405,730,2.35,SOFT,SAND,UNEV,unkn,EVEN,UNSP,ATGA,
USGS,8329918,62,5/26/2009 10:04,MDT,Yes,mls,USGS,13.66,4290,Fair,0.04,2.3,Clear,NONE,1,Imported Channel 1,BRDS,QSCMM,VPAA,4290,511,1540,2.79,SOFT,SAND,UNEV,unkn,EVEN,UNSP,DNST,10
USGS,8329918,63,6/25/2009 10:42,MDT,Yes,mls,USGS,11.67,814,Fair,0.16,1.5,DebrisLight,NONE,1,Imported Channel 1,WADE,QSCMM,VPAA,814,345,481,1.69,UNSP,UNSP,UNSP,unkn,EVEN,UNSP,UPST,50
USGS,8329918,64,7/14/2009 8:15,MDT,Yes,mls,USGS,11.67,684,Fair,0.06,1.3,Clear,NONE,1,Imported Channel 1,WADE,QSCMM,VPAA,684,396,441,1.55,SOFT,SAND,UNEV,unkn,EVEN,UNSP,UPST,50
USGS,8329918,65,7/31/2009 9:46,MDT,Yes,mls,USGS,11.53,522,Fair,0.02,1.3,DebrisLight,NONE,1,Imported Channel 1,WADE,QSCMM,VPAA,522,398,371,1.41,UNSP,UNSP,UNSP,unkn,EVEN,UNSP,UPST,50
USGS,8329918,66,8/17/2009 9:29,MDT,Yes,mls,USGS,11.79,704,Fair,0,1.7,Clear,NONE,1,Imported Channel 1,WADE,QSCMM,VPAA,704,411,430,1.64,SOFT,SAND,UNEV,unkn,EVEN,UNSP,UPST,50
USGS,8329918,67,8/31/2009 10:58,MDT,Yes,mls,USGS,11.56,487,Fair,0.01,2.5,DebrisLight,NONE,1,Imported Channel 1,WADE,QSCMM,VPAA,487,423,327,1.49,SOFT,SAND,UNEV,unkn,UNEV,UNSP,UPST,50
USGS,8329918,68,9/15/2009 10:02,MDT,Yes,mls,USGS,11.73,506,Fair,-0.06,1.2,DebrisLight,NONE,1,Imported Channel 1,WADE,QSCMM,VPAA,506,415,340,1.49,UNSP,UNSP,UNSP,unkn,EVEN,UNSP,UPST,50
USGS,8329918,69,10/1/2009 11:17,MDT,Yes,mls,USGS,11.75,435,Fair,0.15,1.4,DebrisLight,NONE,1,Imported Channel 1,WADE,QSCMM,VPAA,435,390,288,1.51,SOFT,SAND,UNEV,unkn,EVEN,UNSP,UPST,50
USGS,8329918,70,11/16/2009 10:15,MST,Yes,mls,USGS,12.18,668,Fair,0.01,1.5,DebrisLight,NONE,1,Imported Channel 1,WADE,QSCMM,VPAA,668,413,407,1.64,SOFT,SAND,UNEV,unkn,EVEN,UNSP,UPST,50
USGS,8329918,71,1/15/2010 11:11,MST,Yes,mls,USGS,12.39,795,Poor,0,2,Unspecifed,NONE,1,Imported Channel 1,WADE,QSCMM,VPAA,795,585,446,1.78,SOFT,SAND,UNEV,unkn,UNSP,UNSP,UPST,30
USGS,8329918,72,2/23/2010 11:37,MST,Yes,mls,USGS,12.5,797,Fair,0,1.7,DebrisLight,NONE,1,Imported Channel 1,WADE,QSCMM,VPAA,797,587,517,1.54,SOFT,SAND,UNEV,unkn,EVEN,UNSP,DNST,250
USGS,8329918,73,3/30/2010 11:29,MDT,Yes,mls,USGS,12.85,1080,Fair,-0.03,1.5,Clear,NONE,1,Imported Channel 1,WADE,QSCMM,VPAA,1080,523,571,1.9,SOFT,SAND,UNEV,unkn,EVEN,UNSP,UPST,1600
USGS,8329918,74,4/22/2010 11:09,MDT,Yes,mls/ac,USGS,13.47,3890,Fair,0,2.8,DebrisLight,NONE,1,Imported Channel 1,BRDS,QSCMM,VPAA,3890,649,1260,3.08,SOFT,SAND,UNEV,unkn,EVEN,UNSP,DNST,8
USGS,8329918,75,5/12/2010 12:24,MDT,Yes,"mls,AC",USGS,13.22,3500,Fair,0.02,2.6,DebrisLight,NONE,1,Imported Channel 1,BRDS,QSCMM,VPAA,3500,613,1250,2.84,SOFT,SAND,UNEV,unkn,EVEN,UNSP,DNST,8
USGS,8329918,76,6/28/2010 9:53,MDT,Yes,mls,USGS,11.71,746,Fair,1,1.6,DebrisLight,NONE,1,Imported Channel 1,WADE,QSCMM,VPAA,746,418,449,1.63,SOFT,SAND,UNEV,unkn,EVEN,UNSP,DNST,70
USGS,8329918,77,7/13/2010 9:31,MDT,Yes,mls,USGS,11.83,666,Fair,-0.02,2.1,DebrisLight,NONE,1,Imported Channel 1,WADE,QSCMM,VADV,666,417,427,1.56,SOFT,SAND,UNEV,unkn,EVEN,UNSP,DNST,50
USGS,8329918,78,7/28/2010 10:16,MDT,Yes,mls,USGS,12.05,831,Fair,0.01,2,Unspecifed,NONE,1,Imported Channel 1,WADE,QSCMM,VADV,831,417,540,1.54,SOFT,SAND,UNEV,unkn,UNEV,UNSP,UPST,50
USGS,8329918,79,8/12/2010 8:45,MDT,Yes,mls,USGS,11.76,590,Fair,0.01,2,DebrisLight,NONE,1,Imported Channel 1,WADE,QSCMM,VADV,590,412,441,1.38,SOFT,SAND,UNEV,unkn,EVEN,UNSP,UPST,50
USGS,8329918,80,8/31/2010 10:44,MDT,Yes,mls,USGS,11.9,525,Fair,0.01,1.6,DebrisLight,NONE,1,Imported Channel 1,WADE,QSCMM,VADV,525,412,328,1.59,SOFT,SAND,UNEV,unkn,EVEN,UNSP,UPST,70
USGS,8329918,81,10/4/2010 9:54,MDT,Yes,mls,USGS,11.8,398,Fair,0.02,1.5,DebrisLight,NONE,1,Imported Channel 1,WADE,QSCMM,VADV,398,397,296,1.33,SOFT,SAND,UNEV,unkn,EVEN,STND,UPST,50
USGS,8329918,82,11/16/2010 9:16,MST,Yes,mls,USGS,12.18,691,Fair,-0.01,1.9,DebrisLight,NONE,1,Imported Channel 1,WADE,QSCMM,VADV,691,420,416,1.66,SOFT,SAND,UNEV,unkn,UNEV,UNFM,UPST,50
USGS,8329918,83,1/5/2011 12:46,MST,Yes,mls,USGS,11.93,422,Fair,-0.03,2,DebrisLight,NONE,1,Imported Channel 1,WADE,QSCMM,VADV,422,340,292,1.45,SOFT,SAND,UNEV,unkn,EVEN,STND,UPST,50
USGS,8329918,84,2/18/2011 10:56,MST,Yes,mls,USGS,12.35,722,Fair,-0.04,2.7,DebrisLight,NONE,1,Imported Channel 1,WADE,QSCMM,VADV,722,468,460,1.57,SOFT,SAND,EVEN,unkn,EVEN,STND,UPST,1500
USGS,8329918,85,3/24/2011 11:55,MDT,Yes,mls,USGS,12.52,748,Fair,0.07,1.3,DebrisLight,NONE,1,Imported Channel 1,WADE,QSCMM,VADV,748,474,455,1.65,SOFT,SAND,UNEV,unkn,EVEN,STND,UPST,1300
USGS,8329918,86,4/18/2011 11:52,MDT,Yes,mls,USGS,12.47,603,Fair,-0.05,1.4,DebrisLight,NONE,1,Imported Channel 1,WADE,QSCMM,VADV,603,471,415,1.45,SOFT,SAND,UNEV,unkn,UNEV,STND,UPST,1200
USGS,8329918,87,4/19/2011 11:41,MDT,Yes,mc,USGS,12.61,635,Fair,0.02,1.2,DebrisLight,NONE,1,Imported Channel 1,WADE,QSCMM,VADV,635,520,470,1.35,SOFT,SAND,UNEV,unkn,UNEV,STND,UPST,1200
USGS,8329918,88,4/19/2011 11:46,MDT,Yes,mls,USGS,12.61,684,Fair,0.02,1.1,DebrisLight,NONE,1,Imported Channel 1,WADE,QSCMM,VADV,684,502,460,1.49,SOFT,SAND,UNEV,unkn,UNEV,STND,UPST,1200
USGS,8329918,89,5/4/2011 11:17,MDT,Yes,mls,USGS,12.73,859,Fair,0.03,1.7,DebrisLight,NONE,1,Imported Channel 1,WADE,QSCMM,VADV,859,516,578,1.48,SOFT,SAND,UNEV,unkn,UNEV,STND,UPST,1500
USGS,8329918,90,5/20/2011 11:21,MDT,Yes,mls,USGS,12.82,865,Fair,-0.02,1.2,DebrisLight,NONE,1,Imported Channel 1,WADE,QSCMM,VADV,865,519,532,1.63,SOFT,SAND,UNEV,unkn,EVEN,STND,UPST,1500
USGS,8329918,91,7/7/2011 8:47,MDT,Yes,mls,USGS,12.59,687,Fair,0,1.1,DebrisLight,NONE,1,Imported Channel 1,WADE,QSCMM,VADV,687,486,438,1.58,SOFT,SAND,UNEV,unkn,UNEV,STND,UPST,1500
USGS,8329918,92,7/26/2011 10:45,MDT,Yes,mls,USGS,12.55,829,Fair,-0.02,1.2,DebrisLight,NONE,1,Imported Channel 1,WADE,QSCMM,VADV,829,493,485,1.71,SOFT,SAND,UNEV,unkn,UNEV,STND,UPST,1500
USGS,8329918,93,8/11/2011 9:23,MDT,Yes,mls,USGS,12.37,523,Fair,0,1.2,DebrisLight,NONE,1,main,WADE,QSCMM,VADV,523,461,367,1.43,SOFT,SAND,UNEV,unkn,UNEV,STND,UPST,1500
USGS,8329918,94,8/26/2011 9:55,MDT,Yes,mls,USGS,12.21,444,Fair,-0.02,1.5,DebrisLight,NONE,1,both main channels,WADE,QSCMM,VADV,444,463,312,1.42,SOFT,SAND,UNEV,unkn,UNEV,STND,UPST,50
USGS,8329918,95,9/13/2011 10:56,MDT,Yes,mls,USGS,11.98,420,Fair,0.01,2,DebrisLight,NONE,1,both channels combined,WADE,QSCMM,VADV,420,337,264,1.56,SOFT,SAND,UNEV,unkn,UNEV,UNFM,UPST,75
USGS,8329918,96,9/27/2011 11:22,MDT,Yes,mls,USGS,11.58,248,Fair,0.01,1.5,DebrisLight,NONE,1,both channels,WADE,QSCMM,VADV,248,325,204,1.2,SOFT,SAND,UNEV,unkn,UNEV,UNFM,UPST,75
USGS,8329918,97,10/4/2011 10:10,MDT,Yes,mls,USGS,11.43,220,Fair,-0.01,1.2,DebrisLight,NONE,1,both main channels,WADE,QSCMM,VADV,220,328,157,1.38,SOFT,SAND,UNEV,unkn,UNEV,UNFM,UPST,120
USGS,8329918,98,10/17/2011 14:23,MDT,Yes,mls,USGS,11.51,315,Fair,-0.03,1.8,DebrisLight,NONE,1,both channels combined,WADE,QSCMM,VADV,315,337,207,1.45,SOFT,SAND,UNEV,unkn,UNEV,STND,UPST,80
USGS,8329918,100,11/16/2011 10:15,MST,Yes,mls,USGS,12.66,1280,Fair,0.02,1.5,DebrisLight,NONE,1,main,WADE,QSCMM,VADV,1280,471,612,2.09,SOFT,SAND,UNEV,unkn,UNEV,STND,UPST,1500
USGS,8329918,101,12/15/2011 11:57,MST,Yes,mls,USGS,12.22,584,Fair,0,2,DebrisLight,NONE,1,left channel,WADE,QSCMM,VADV,369,204,277,1.33,SOFT,SAND,UNEV,unkn,UNEV,STND,UPST,200
USGS,8329918,101,12/15/2011 11:57,MST,Yes,mls,USGS,12.22,584,Fair,0,2,DebrisLight,NONE,2,right channel,WADE,QSCMM,VADV,214,187,153,1.4,SOFT,SAND,UNEV,unkn,UNEV,STND,DNST,50
USGS,8329918,102,12/29/2011 11:02,MST,Yes,mls,USGS,12.6,849,Fair,0.01,1.2,DebrisLight,NONE,1,main,WADE,QSCMM,VADV,849,455,444,1.91,SOFT,SAND,UNEV,unkn,UNEV,STND,UPST,1500
USGS,8329918,103,2/3/2012 11:10,MST,Yes,mls,USGS,12.61,692,Fair,-0.01,1.5,DebrisLight,NONE,1,west side channel,WADE,QSCMM,VADV,212,192,165,1.29,SOFT,SAND,UNEV,unkn,UNEV,UNFM,DNST,30
USGS,8329918,103,2/3/2012 11:10,MST,Yes,mls,USGS,12.61,692,Fair,-0.01,1.5,DebrisLight,NONE,2,east side channel,WADE,QSCMM,VADV,480,213,258,1.86,SOFT,SAND,UNEV,unkn,UNEV,UNFM,UPST,50
USGS,8329918,104,2/24/2012 11:23,MST,Yes,mls,USGS,12.56,707,Fair,0.02,1.9,DebrisLight,NONE,1,right bank,WADE,QSCMM,VADV,510,212,289,1.77,SOFT,SAND,UNEV,unkn,UNEV,STND,UPST,150
USGS,8329918,104,2/24/2012 11:23,MST,Yes,mls,USGS,12.56,707,Fair,0.02,1.9,DebrisLight,NONE,2,left bank,WADE,QSCMM,VADV,197,184,161,1.22,SOFT,SAND,UNEV,unkn,UNEV,STND,DNST,40
USGS,8329918,105,3/15/2012 11:31,MDT,Yes,mls,USGS,12.69,790,Fair,-0.03,1.6,DebrisLight,NONE,1,left bank channel,WADE,QSCMM,VADV,549,221,287,1.91,SOFT,SAND,UNEV,unkn,UNEV,STND,UPST,70
USGS,8329918,105,3/15/2012 11:31,MDT,Yes,mls,USGS,12.69,790,Fair,-0.03,1.6,DebrisLight,NONE,2,right bank channel,WADE,QSCMM,VADV,241,188,186,1.3,SOFT,SAND,UNEV,unkn,UNEV,STND,DNST,50
USGS,8329918,107,5/9/2012 15:43,MDT,Yes,GHS,USGS,12.68,854,Poor,0,1.1,Unspecifed,NONE,1,channels,WADE,QSCMM,VADV,854,356,523,1.63,SOFT,SAND,UNEV,unkn,UNEV,NSTD,ATGA,
USGS,8329918,108,6/6/2012 14:59,MDT,Yes,GHS,USGS,12.64,930,Poor,0.04,1.6,Unspecifed,NONE,1,channels,WADE,QSCMM,VADV,930,374,486,1.91,SOFT,SAND,UNEV,unkn,UNEV,NSTD,ATGA,
USGS,8329918,109,6/14/2012 11:32,MDT,Yes,GHS,USGS,12.71,910,Fair,0.02,2.1,Clear,NONE,1,CHANNELS,WADE,QSCMM,VADV,910,371,491,1.85,SOFT,SAND,UNEV,unkn,UNEV,NSTD,ATGA,
USGS,8329918,110,7/11/2012 14:44,MDT,Yes,GHS,USGS,12.42,536,Fair,0.02,1.5,Clear,NONE,1,Channels,WADE,QSCMM,VADV,536,345,356,1.5,SOFT,SAND,UNEV,unkn,UNEV,NSTD,ATGA,
USGS,8329918,111,7/31/2012 11:28,MDT,Yes,jdl,USGS,12.47,536,Fair,0,2,Clear,NONE,1,Mainleftchannel,WADE,QSCMM,VADV,356,253,280,1.27,SOFT,SAND,UNEV,unkn,UNEV,STND,UPST,150
USGS,8329918,111,7/31/2012 11:28,MDT,Yes,jdl,USGS,12.47,536,Fair,0,2,Clear,NONE,2,mainrightchannel,WADE,QSCMM,VADV,181,131,123,1.47,SOFT,SAND,UNEV,unkn,EVEN,STND,DNST,150
USGS,8329918,112,8/27/2012 15:33,MDT,Yes,GHS,USGS,12.02,270,Poor,-0.01,1.1,Unspecifed,NONE,1,channels,WADE,QSCMM,VADV,270,347,218,1.24,SOFT,SAND,UNSP,unkn,UNEV,NSTD,ATGA,
USGS,8329918,113,10/2/2012 12:45,MDT,Yes,JRC/GHS,USGS,11.78,221,Poor,0,1.8,Clear,NONE,1,Main,WADE,QSCMM,VADV,221,205,140,1.58,SOFT,SAND,UNEV,unkn,UNEV,STND,ATGA,
USGS,8329918,114,10/18/2012 15:34,MDT,Yes,JRC,USGS,11.63,208,Fair,-0.02,1.5,Clear,NONE,1,Main,WADE,QSCMM,VADV,208,238,155,1.34,SOFT,SAND,EVEN,unkn,EVEN,STND,DNST,100
USGS,8329918,115,11/5/2012 14:35,MST,Yes,JRC,USGS,11.6,210,Fair,0.02,1,Clear,NONE,1,Main,WADE,QSCMM,VADV,210,249,149,1.41,SOFT,SAND,EVEN,unkn,EVEN,STND,UPST,50
USGS,8329918,116,1/8/2013 11:58,MST,Yes,JRC,USGS,12.13,323,Poor,0,2.6,Clear,NONE,1,Main 1,WADE,QSCMM,VADV,182,107,109,1.67,SOFT,SAND,EVEN,unkn,EVEN,STND,UPST,75
USGS,8329918,116,1/8/2013 11:58,MST,Yes,JRC,USGS,12.13,323,Poor,0,2.6,Clear,NONE,2,Main 2,WADE,QSCMM,VADV,69.4,53,43.3,1.6,SOFT,SAND,EVEN,unkn,EVEN,STND,UPST,50
USGS,8329918,116,1/8/2013 11:58,MST,Yes,JRC,USGS,12.13,323,Poor,0,2.6,Clear,NONE,3,Main 3,WADE,QSCMM,VADV,71.8,87,60.9,1.18,SOFT,SAND,EVEN,unkn,EVEN,STND,DNST,75
USGS,8329918,117,1/28/2013 10:14,MST,Yes,JRC,USGS,12.53,565,Poor,0,1.5,Clear,NONE,1,Main,WADE,QSCMM,VADV,565,292,338,1.67,SOFT,SAND,EVEN,unkn,EVEN,STND,UPST,80
USGS,8329918,118,2/13/2013 11:05,MST,Yes,GHS,USGS,12.61,502,Fair,-0.03,1.5,Unspecifed,NONE,1,CHANNELS,WADE,QSCMM,VADV,502,332,349,1.44,SOFT,SAND,UNEV,unkn,UNEV,NSTD,ATGA,
USGS,8329918,119,3/19/2013 9:24,MDT,Yes,JRC,USGS,12.64,543,Poor,0,1.5,DebrisLight,NONE,1,Main,WADE,QSCMM,VADV,543,337,329,1.65,SOFT,SAND,EVEN,unkn,EVEN,UNFM,UPST,70
USGS,8329918,120,4/11/2013 10:38,MDT,Yes,JRC,USGS,12.88,698,Poor,,1.6,Unspecifed,NONE,1,Main,WADE,QSCMM,VADV,698,337,400,1.75,SOFT,SAND,EVEN,unkn,EVEN,UNFM,UPST,50
USGS,8329918,121,4/23/2013 10:23,MDT,Yes,JRC,USGS,12.72,655,Poor,,1.5,Clear,NONE,1,Main,WADE,QSCMM,VADV,655,334,387,1.69,SOFT,SAND,EVEN,unkn,EVEN,UNFM,UPST,50
USGS,8329918,122,5/6/2013 14:52,MDT,Yes,JRC,USGS,12.99,922,Poor,0,1.7,Clear,NONE,1,Main,WADE,QSCMM,VADV,922,334,513,1.8,SOFT,SAND,EVEN,unkn,EVEN,UNFM,UPST,100
USGS,8329918,123,5/20/2013 10:05,MDT,Yes,JRC,USGS,12.92,784,Fair,0,1.6,Clear,NONE,1,Main,WADE,QSCMM,VADV,784,340,423,1.85,SOFT,SAND,EVEN,unkn,EVEN,UNFM,UPST,100
USGS,8329918,124,6/25/2013 13:21,MDT,Yes,JRC,USGS,12.87,753,Poor,0,2.6,Clear,NONE,1,Main,WADE,QSCMM,VADV,547,206,329,1.66,SOFT,SAND,EVEN,unkn,EVEN,STND,UPST,120
USGS,8329918,124,6/25/2013 13:21,MDT,Yes,JRC,USGS,12.87,753,Poor,0,2.6,Clear,NONE,2,Main 1,WADE,QSCMM,VADV,206,133,126,1.64,SOFT,SAND,EVEN,unkn,EVEN,STND,DNST,100
USGS,8329918,125,7/8/2013 9:30,MDT,Yes,JRC,USGS,11.88,224,Poor,0,1,FillControlChanged,NONE,1,Main,WADE,QSCMM,VADV,224,135,102,2.19,SOFT,SAND,EVEN,unkn,EVEN,STND,DNST,1500
USGS,8329918,126,7/18/2013 14:58,MDT,Yes,JRC/jrc,USGS,11.72,180,Poor,0,1.3,FillControlChanged,NONE,1,Main,WADE,QSCMM,VADV,180,228,132,1.37,SOFT,SAND,EVEN,unkn,EVEN,STND,UPST,700
USGS,8329918,127,7/30/2013 12:35,MDT,Yes,JRC,USGS,11.85,488,Fair,0,2.6,Clear,NONE,1,Main,WADE,QSCMM,VADV,377,199,196,1.92,SOFT,SAND,EVEN,unkn,EVEN,STND,UPST,70
USGS,8329918,127,7/30/2013 12:35,MDT,Yes,JRC,USGS,11.85,488,Fair,0,2.6,Clear,NONE,2,Main1,WADE,QSCMM,VADV,112,107,74.9,1.49,SOFT,SAND,EVEN,unkn,EVEN,STND,DNST,80
USGS,8329918,128,9/3/2013 10:55,MDT,Yes,JRC,USGS,11.42,177,Poor,0,1.4,Clear,NONE,1,Main,WADE,QSCMM,VADV,177,274,130,1.36,SOFT,SAND,EVEN,unkn,EVEN,UNFM,UPST,30
USGS,8329918,129,9/25/2013 15:07,MDT,Yes,JRC,USGS,12.52,882,Fair,0,3.5,Clear,NONE,1,Main,WADE,QSCMM,VADV,660,203,319,2.07,SOFT,SAND,EVEN,unkn,EVEN,STND,UPST,200
USGS,8329918,129,9/25/2013 15:07,MDT,Yes,JRC,USGS,12.52,882,Fair,0,3.5,Clear,NONE,2,Main 1,WADE,QSCMM,VADV,223,134,132,1.69,SOFT,SAND,EVEN,unkn,EVEN,UNFM,DNST,300
USGS,8329918,130,10/21/2013 16:13,MDT,Yes,GHS/JRC,USGS,13.36,2210,Poor,0,1.7,Clear,NONE,1,MAIN,BRUS,QSCMM,VPAA,2210,510,960,2.3,FIRM,SAND,UNEV,unkn,EVEN,UNKN,DNST,80
USGS,8329918,131,10/28/2013 15:51,MDT,Yes,JRC,USGS,12.39,531,Fair,0,2.1,Clear,NONE,1,Main,WADE,QSCMM,VADV,421,200,234,1.8,SOFT,SAND,EVEN,unkn,EVEN,STND,UPST,50
USGS,8329918,131,10/28/2013 15:51,MDT,Yes,JRC,USGS,12.39,531,Fair,0,2.1,Clear,NONE,2,Main 1,WADE,QSCMM,VADV,110,111,80.4,1.37,SOFT,SAND,EVEN,unkn,EVEN,STND,DNST,100
USGS,8329918,132,11/13/2013 15:18,MST,Yes,JRC,USGS,12.78,777,Fair,0,2.5,Clear,NONE,1,Main,WADE,QSCMM,VADV,543,201,280,1.94,SOFT,SAND,EVEN,unkn,EVEN,UNFM,UPST,75
USGS,8329918,132,11/13/2013 15:18,MST,Yes,JRC,USGS,12.78,777,Fair,0,2.5,Clear,NONE,2,Main 1,WADE,QSCMM,VADV,234,138,142,1.65,SOFT,SAND,EVEN,unkn,UNSP,UNFM,DNST,75
USGS,8329918,133,11/19/2013 11:07,MST,Yes,JRC,USGS,12.62,891,Fair,0,2.3,Clear,NONE,1,Main,WADE,QSCMM,VADV,634,211,287,2.2,SOFT,SAND,EVEN,unkn,EVEN,STND,UPST,60
USGS,8329918,133,11/19/2013 11:07,MST,Yes,JRC,USGS,12.62,891,Fair,0,2.3,Clear,NONE,2,Main 1,WADE,QSCMM,VADV,258,74,108,2.38,SOFT,SAND,EVEN,unkn,EVEN,STND,DNST,200
USGS,8329918,134,12/18/2013 10:59,MST,Yes,JRC,USGS,12.42,677,Fair,0,2.8,Clear,NONE,1,Main,WADE,QSCMM,VADV,479,213,248,1.93,SOFT,SAND,EVEN,unkn,EVEN,STND,UPST,70
USGS,8329918,134,12/18/2013 10:59,MST,Yes,JRC,USGS,12.42,677,Fair,0,2.8,Clear,NONE,2,Main 1,WADE,QSCMM,VADV,198,144,130,1.52,SOFT,SAND,EVEN,unkn,EVEN,STND,DNST,150
USGS,8329918,135,12/30/2013 13:57,MST,Yes,JRC,USGS,12.77,763,Fair,0,2,Clear,NONE,1,Main,WADE,QSCMM,VADV,566,203,254,2.23,SOFT,SAND,EVEN,unkn,EVEN,UNFM,UPST,120
USGS,8329918,135,12/30/2013 13:57,MST,Yes,JRC,USGS,12.77,763,Fair,0,2,Clear,NONE,2,Main 1,WADE,QSCMM,VADV,197,140,128,1.54,SOFT,SAND,EVEN,unkn,EVEN,UNFM,DNST,200
USGS,8329918,136,1/8/2014 11:56,MST,Yes,JRC,USGS,12.46,530,Poor,0,2.7,Clear,NONE,1,Main,WADE,QSCMM,VADV,349,175,210,1.67,SOFT,SAND,EVEN,unkn,EVEN,UNFM,UPST,100
USGS,8329918,136,1/8/2014 11:56,MST,Yes,JRC,USGS,12.46,530,Poor,0,2.7,Clear,NONE,2,Main 1,WADE,QSCMM,VADV,180,85,97,1.86,SOFT,SAND,EVEN,unkn,EVEN,UNFM,DNST,100
USGS,8329918,137,2/19/2014 10:30,MST,Yes,JRC,USGS,12.9,675,Fair,0,2.6,Clear,NONE,1,Main,WADE,QSCMM,VADV,489,273,266,1.84,SOFT,GRVL,EVEN,unkn,EVEN,STND,UPST,700
USGS,8329918,137,2/19/2014 10:30,MST,Yes,JRC,USGS,12.9,675,Fair,0,2.6,Clear,NONE,2,Main 1,WADE,QSCMM,VADV,187,207,128,1.45,SOFT,SAND,EVEN,unkn,EVEN,UNFM,UPST,500
USGS,8329918,138,2/24/2014 12:35,MST,Yes,JRC,USGS,13.02,1070,Poor,0,2.5,Clear,NONE,1,Main,WADE,QSCMM,VADV,764,266,383,2,SOFT,SAND,EVEN,unkn,EVEN,UNFM,UPST,800
USGS,8329918,138,2/24/2014 12:35,MST,Yes,JRC,USGS,13.02,1070,Poor,0,2.5,Clear,NONE,2,Main 1,WADE,QSCMM,VADV,302,205,166,1.82,SOFT,SAND,EVEN,unkn,EVEN,UNFM,UPST,400
USGS,8329918,139,3/19/2014 9:32,MDT,Yes,JRC,USGS,12.88,650,Poor,0.01,2,Clear,NONE,1,Main,WADE,QSCMM,VADV,470,203,241,1.96,SOFT,SAND,EVEN,unkn,EVEN,UNFM,UPST,150
USGS,8329918,139,3/19/2014 9:32,MDT,Yes,JRC,USGS,12.88,650,Poor,0.01,2,Clear,NONE,2,Main 1,WADE,QSCMM,VADV,179,113,108,1.66,FIRM,SAND,EVEN,unkn,EVEN,UNFM,UPST,200
USGS,8329918,140,4/15/2014 10:03,MDT,Yes,JRC,USGS,12.99,753,Poor,0.01,2.1,Clear,NONE,1,Main,WADE,QSCMM,VADV,520,259,289,1.8,SOFT,SAND,EVEN,unkn,EVEN,UNFM,UPST,800
USGS,8329918,140,4/15/2014 10:03,MDT,Yes,JRC,USGS,12.99,753,Poor,0.01,2.1,Clear,NONE,2,Main 1,WADE,QSCMM,VADV,233,207,158,1.47,SOFT,SAND,EVEN,unkn,EVEN,UNFM,UPST,600
USGS,8329918,141,5/8/2014 10:46,MDT,Yes,JRC/GHS,USGS,13.65,1520,Poor,,,Clear,NONE,1,main,RC,QADCP,VADCP,1520,185,506,3.02,SOFT,SAND,UNEV,unkn,UNSP,NSTD,DNST,2500
USGS,8329918,142,5/22/2014 13:31,MDT,Yes,TLH,USGS,12.73,807,Poor,,5.5,Clear,NONE,1,MAIN-1,WADE,QSCMM,VADV,517,204,277,1.87,SOFT,SAND,UNEV,unkn,UNEV,NSTD,UPST,120
USGS,8329918,142,5/22/2014 13:31,MDT,Yes,TLH,USGS,12.73,807,Poor,,5.5,Clear,NONE,2,MAIN-2,WADE,QSCMM,VADV,289,203,179,1.62,SOFT,SAND,UNEV,unkn,UNEV,NSTD,UPST,200
USGS,8329918,143,6/18/2014 11:09,MDT,Yes,jaw,USGS,12.95,760,Fair,0.01,4,Clear,NONE,1,Main Left Channel,WADE,QSCMM,VADV,485,203,284,1.71,SOFT,SAND,UNEV,unkn,UNEV,NSTD,UPST,100
USGS,8329918,143,6/18/2014 11:09,MDT,Yes,jaw,USGS,12.95,760,Fair,0.01,4,Clear,NONE,2,Main Right Channel,WADE,QSCMM,VADV,275,143,156,1.76,SOFT,SAND,UNEV,unkn,UNEV,NSTD,DNST,100
USGS,8329918,144,7/23/2014 14:03,MDT,Yes,jaw,USGS,12.73,599,Fair,0.04,2.3,Clear,NONE,1,Main Left Channel,WADE,QSCMM,VADV,433,300,279,1.55,SOFT,SAND,UNEV,unkn,UNEV,NSTD,UPST,1400
USGS,8329918,144,7/23/2014 14:03,MDT,Yes,jaw,USGS,12.73,599,Fair,0.04,2.3,Clear,NONE,2,Main Right Channel,WADE,QSCMM,VADV,166,202,117,1.42,SOFT,SAND,UNEV,unkn,UNEV,NSTD,UPST,1400
USGS,8329918,145,8/29/2014 13:17,MDT,Yes,jaw,USGS,12.83,623,Fair,0.01,2,,NONE,1,Main,WADE,QSCMM,VADV,461,307,276,1.67,SOFT,SAND,UNEV,unkn,UNEV,NSTD,UPST,1400
USGS,8329918,145,8/29/2014 13:17,MDT,Yes,jaw,USGS,12.83,623,Fair,0.01,2,,NONE,2,Main Right,WADE,QSCMM,VADV,162,140,99.5,1.63,SOFT,SAND,UNEV,unkn,UNEV,NSTD,UPST,1400
USGS,8329918,146,9/10/2014 11:38,MDT,Yes,jaw,USGS,12.72,539,Fair,0.02,1.8,,NONE,1,Left Main,WADE,QSCMM,VADV,365,267,226,1.62,SOFT,SAND,UNEV,unkn,UNEV,NSTD,UPST,400
USGS,8329918,146,9/10/2014 11:38,MDT,Yes,jaw,USGS,12.72,539,Fair,0.02,1.8,,NONE,2,Right Main,WADE,QSCMM,VADV,174,187,119,1.46,SOFT,SAND,UNEV,unkn,UNEV,NSTD,UPST,500
USGS,8329918,147,9/25/2014 13:02,MDT,Yes,jaw,USGS,12.12,203,Poor,0.01,1.4,,NONE,1,Left Channel,WADE,QSCMM,VADV,123,183,89.9,1.37,SOFT,SAND,UNEV,unkn,UNEV,NSTD,UPST,100
USGS,8329918,147,9/25/2014 13:02,MDT,Yes,jaw,USGS,12.12,203,Poor,0.01,1.4,,NONE,2,Right Channel,WADE,QSCMM,VADV,80.5,128,59.6,1.35,SOFT,SAND,UNEV,unkn,UNEV,NSTD,DNST,150
USGS,8329918,148,11/24/2014 12:07,MST,Yes,jaw,USGS,13.03,920,Fair,-0.02,2,Clear,NONE,1,Main left channel,WADE,QSCMM,VADV,709,256,344,2.06,SOFT,SAND,UNEV,unkn,UNEV,NSTD,UPST,500
USGS,8329918,148,11/24/2014 12:07,MST,Yes,jaw,USGS,13.03,920,Fair,-0.02,2,Clear,NONE,2,Main right channel,WADE,QSCMM,VADV,211,134,122,1.73,SOFT,SAND,UNEV,unkn,UNEV,NSTD,DNST,100
USGS,8329918,149,1/12/2015 14:21,MST,Yes,jaw,USGS,12.59,684,Fair,0.02,2,Clear,NONE,1,Main Left Channel,WADE,QSCMM,VADV,476,203,227,2.1,SOFT,SAND,UNEV,unkn,EVEN,NSTD,UPST,60
USGS,8329918,149,1/12/2015 14:21,MST,Yes,jaw,USGS,12.59,684,Fair,0.02,2,Clear,NONE,2,Main Right Channel,WADE,QSCMM,VADV,208,141,124,1.68,SOFT,SAND,UNEV,unkn,EVEN,NSTD,DNST,60
USGS,8329918,150,2/10/2015 12:11,MST,Yes,jaw,USGS,12.29,744,Fair,0.02,3,Clear,NONE,1,Main Left Channel,WADE,QSCMM,VADV,614,253,316,1.94,SOFT,SAND,UNEV,unkn,EVEN,NSTD,UPST,150
USGS,8329918,150,2/10/2015 12:11,MST,Yes,jaw,USGS,12.29,744,Fair,0.02,3,Clear,NONE,2,Main Right Channel,WADE,QSCMM,VADV,130,60,75,1.74,SOFT,SAND,UNEV,unkn,EVEN,NSTD,DNST,100
USGS,8329918,151,2/25/2015 12:18,MST,Yes,CPL,USGS,12.32,804,Poor,0.05,1.8,Clear,NONE,1,Main Left Channel,WADE,QSCMM,VADV,727,208,361,2.01,SOFT,SAND,UNEV,unkn,UNEV,STND,UPST,50
USGS,8329918,151,2/25/2015 12:18,MST,Yes,CPL,USGS,12.32,804,Poor,0.05,1.8,Clear,NONE,2,Main Right Channel,WADE,QSCMM,VADV,76.3,35,41.4,1.84,FIRM,SAND,EVEN,unkn,EVEN,STND,DNST,300
USGS,8329918,152,3/6/2015 10:40,MST,Yes,CPL,USGS,12.53,818,Fair,0.01,2,Clear,NONE,1,Main Left Channel,WADE,QSCMM,VADV,733,228,374,1.96,SOFT,SAND,UNEV,unkn,UNEV,NSTD,UPST,200
USGS,8329918,152,3/6/2015 10:40,MST,Yes,CPL,USGS,12.53,818,Fair,0.01,2,Clear,NONE,2,Main Right Channel,WADE,QSCMM,VADV,84.7,35,57.8,1.47,FIRM,SAND,EVEN,unkn,EVEN,NSTD,DNST,300
USGS,8329918,153,3/23/2015 15:17,MDT,Yes,CPL,USGS,13.43,1860,Poor,-0.02,2,Clear,NONE,1,Main Right Channel,WADE,QSCMM,VADV,529,147,233,2.27,SOFT,SAND,UNEV,unkn,EVEN,NSTD,DNST,250
USGS,8329918,153,3/23/2015 15:17,MDT,Yes,CPL,USGS,13.43,1860,Poor,-0.02,2,Clear,NONE,2,Main Left Channel,WADE,QSCMM,VADV,1330,228,541,2.46,SOFT,SAND,UNEV,unkn,EVEN,NSTD,UPST,200
USGS,8329918,154,4/13/2015 10:48,MDT,Yes,CPL,USGS,12.67,872,Fair,0.05,1.7,Clear,NONE,1,Main Right Channel,WADE,QSCMM,VADV,241,110,131,1.85,SOFT,silt,UNEV,unkn,EVEN,STND,DNST,250
USGS,8329918,154,4/13/2015 10:48,MDT,Yes,CPL,USGS,12.67,872,Fair,0.05,1.7,Clear,NONE,2,Main Left Channel,WADE,QSCMM,VADV,631,220,311,2.03,SOFT,SAND,UNEV,unkn,EVEN,STND,UPST,200
USGS,8329918,155,5/19/2015 11:32,MDT,Yes,CPL,USGS,13.43,1420,Poor,-0.03,2.1,Clear,NONE,1,Main Left Channel,WADE,QSCMM,VADV,880,247,460,1.91,SOFT,SAND,UNEV,unkn,EVEN,STND,UPST,200
USGS,8329918,155,5/19/2015 11:32,MDT,Yes,CPL,USGS,13.43,1420,Poor,-0.03,2.1,Clear,NONE,2,Main Right Channel,WADE,QSCMM,VADV,536,153,258,2.08,SOFT,SAND,UNEV,unkn,EVEN,STND,DNST,250
USGS,8329918,156,5/26/2015 9:52,MDT,Yes,CPL/CMP,USGS,13.9,2820,Poor,0.01,1,Unspecifed,NONE,1,Main Left Channel,BRDS,QADCP,VADCP,1940,261,607,3.2,SOFT,SAND,UNEV,unkn,EVEN,STND,DNST,30
USGS,8329918,156,5/26/2015 9:52,MDT,Yes,CPL/CMP,USGS,13.9,2820,Poor,0.01,1,Unspecifed,NONE,2,Main Right Channel,BRDS,QADCP,VADCP,880,199,363,2.43,SOFT,SAND,UNEV,unkn,EVEN,STND,DNST,30
USGS,8329918,157,6/1/2015 10:11,MDT,Yes,CPL,USGS,13.28,1300,Poor,0.01,2.2,Clear,NONE,1,Main Left Channel,WADE,QSCMM,VADV,764,186,346,2.21,SOFT,SAND,UNEV,unkn,UNEV,STND,UPST,250
USGS,8329918,157,6/1/2015 10:11,MDT,Yes,CPL,USGS,13.28,1300,Poor,0.01,2.2,Clear,NONE,2,Main Right Channel,WADE,QSCMM,VADV,539,174,257,2.1,SOFT,SAND,UNEV,unkn,EVEN,STND,DNST,250
USGS,8329918,158,6/19/2015 9:52,MDT,Yes,CPL,USGS,13.77,2160,Poor,0.07,1.3,Clear,NONE,1,Main Right Channel,BRDS,QADCP,VADCP,961,206,427,2.25,SOFT,SAND,UNEV,unkn,EVEN,STND,ATGA,
USGS,8329918,158,6/19/2015 9:52,MDT,Yes,CPL,USGS,13.77,2160,Poor,0.07,1.3,Clear,NONE,2,Main Left Channel,BRDS,QADCP,VADCP,1200,254,490,2.44,SOFT,SAND,UNEV,unkn,EVEN,STND,ATGA,
USGS,8329918,159,6/26/2015 13:56,MDT,Yes,CPL,USGS,13.06,1200,Poor,0.01,1.7,Clear,NONE,1,Main Left Channel,WADE,QSCMM,VADV,793,240,444,1.78,SOFT,SAND,UNEV,unkn,EVEN,STND,UPST,200
USGS,8329918,159,6/26/2015 13:56,MDT,Yes,CPL,USGS,13.06,1200,Poor,0.01,1.7,Clear,NONE,2,Main Right Channel,WADE,QSCMM,VADV,406,197,241,1.68,SOFT,SAND,UNEV,unkn,EVEN,STND,DNST,250
USGS,8329918,160,8/20/2015 11:53,MDT,Yes,CPL,USGS,12.98,758,Poor,0,1.3,Clear,NONE,1,Left Channel,WADE,QSCMM,VADV,492,222,284,1.73,SOFT,SAND,UNEV,unkn,UNEV,STND,UPST,250
USGS,8329918,160,8/20/2015 11:53,MDT,Yes,CPL,USGS,12.98,758,Poor,0,1.3,Clear,NONE,2,Right channel,WADE,QSCMM,VADV,267,148,152,1.76,SOFT,SAND,UNEV,unkn,UNEV,STND,DNST,250
USGS,8329918,161,10/7/2015 8:47,MDT,Yes,CPL,USGS,12.09,312,Fair,-0.01,1.5,Clear,NONE,1,Main Left Channel,WADE,QSCMM,VADV,187,150,110,1.7,SOFT,SAND,UNEV,unkn,EVEN,STND,UPST,200
USGS,8329918,161,10/7/2015 8:47,MDT,Yes,CPL,USGS,12.09,312,Fair,-0.01,1.5,Clear,NONE,2,Main Right Channel,WADE,QSCMM,VADV,125,104,77.1,1.62,SOFT,SAND,UNEV,unkn,EVEN,STND,DNST,250
USGS,8329918,162,11/18/2015 10:29,MST,Yes,CPL,USGS,13.41,1290,Poor,-0.04,1.3,Clear,NONE,1,Main Right Channel,BRDS,QADCP,VADCP,570,207,321,1.78,SOFT,SAND,UNEV,unkn,EVEN,STND,ATGA,
USGS,8329918,162,11/18/2015 10:29,MST,Yes,CPL,USGS,13.41,1290,Poor,-0.04,1.3,Clear,NONE,2,Main Left Channel,BRDS,QADCP,VADCP,724,262,400,1.81,SOFT,SAND,UNEV,unkn,EVEN,STND,ATGA,
USGS,8329918,163,12/21/2015 9:42,MST,No,,,,,,,,,,,,,,,,,,,,,,,,,,
USGS,8329918,163,12/21/2015 9:42,MST,No,,,,,,,,,,,,,,,,,,,,,,,,,,
USGS,8329918,163,12/21/2015 9:42,MST,No,,,,,,,,,,,,,,,,,,,,,,,,,,
USGS,8329918,164,1/7/2016 10:58,MST,Yes,CPL,USGS,12.69,683,Poor,0,1.5,Clear,NONE,1,Main Left Channel,WADE,QSCMM,VADV,327,136,179,1.82,SOFT,SAND,UNEV,unkn,UNEV,STND,DNST,300
USGS,8329918,164,1/7/2016 10:58,MST,Yes,CPL,USGS,12.69,683,Poor,0,1.5,Clear,NONE,2,Main Right Channel,WADE,QSCMM,VADV,356,136,198,1.8,SOFT,SAND,UNEV,unkn,UNEV,STND,DNST,300
USGS,8329918,165,2/26/2016 13:06,MST,Yes,CPL,USGS,13.04,1260,Poor,0,1.7,Clear,NONE,1,Main Left Channel,WADE,QSCMM,VADV,469,172,249,1.89,SOFT,SAND,UNEV,unkn,EVEN,STND,UPST,500
USGS,8329918,165,2/26/2016 13:06,MST,Yes,CPL,USGS,13.04,1260,Poor,0,1.7,Clear,NONE,2,Main Right Channel,WADE,QSCMM,VADV,788,178,331,2.38,SOFT,SAND,UNEV,unkn,UNEV,STND,DNST,100
USGS,8329918,166,3/31/2016 14:35,MDT,Yes,CPL,USGS,13.09,987,Poor,-0.02,1.9,Clear,NONE,1,Main Left Channel,WADE,QSCMM,VADV,430,166,219,1.97,SOFT,SAND,UNEV,unkn,UNEV,NSTD,UPST,500
USGS,8329918,166,3/31/2016 14:35,MDT,Yes,CPL,USGS,13.09,987,Poor,-0.02,1.9,Clear,NONE,2,Main Right Channel,WADE,QSCMM,VADV,557,153,252,2.21,SOFT,SAND,UNEV,unkn,UNEV,NSTD,DNST,200
USGS,8329918,167,5/20/2016 11:06,MDT,Yes,CPL,USGS,13.73,1990,Poor,-0.03,1.1,Clear,NONE,1,Main Left Channel,BRDS,QADCP,VADCP,867,251,370,2.34,SOFT,SAND,UNEV,unkn,UNSP,STND,ATGA,
USGS,8329918,167,5/20/2016 11:06,MDT,Yes,CPL,USGS,13.73,1990,Poor,-0.03,1.1,Clear,NONE,2,Main Right Channel,BRDS,QADCP,VADCP,1120,217,457,2.46,SOFT,SAND,UNEV,unkn,EVEN,STND,ATGA,
USGS,8329918,168,5/24/2016 15:41,MDT,Yes,CPL,USGS,14.01,2470,Poor,-0.01,1.2,Clear,NONE,1,Main,BRDS,QADCP,VADCP,1090,253,461,2.37,SOFT,SAND,UNEV,unkn,UNEV,STND,ATGA,
USGS,8329918,168,5/24/2016 15:41,MDT,Yes,CPL,USGS,14.01,2470,Poor,-0.01,1.2,Clear,NONE,2,Main Right Channel,BRDS,QADCP,VADCP,1380,200,512,2.7,SOFT,SAND,UNEV,unkn,UNEV,STND,ATGA,
USGS,8329918,169,6/21/2016 9:44,MDT,Yes,CPL,USGS,13.04,1520,Fair,0.03,1.4,Clear,NONE,1,Main,WADE,QSCMM,VADV,1520,458,710,2.14,SOFT,SAND,UNEV,unkn,UNEV,STND,UPST,700
USGS,8329918,170,6/30/2016 16:03,MDT,Yes,CPL,USGS,12.46,1100,Fair,0.01,1.3,Clear,NONE,1,Main,WADE,QSCMM,VPAA,1100,504,582,1.89,SOFT,SAND,UNEV,unkn,EVEN,STND,UPST,300
USGS,8329918,171,7/20/2016 9:42,MDT,Yes,TLH,USGS,12.69,839,Fair,0.01,1.5,Clear,NONE,1,Channel 1,WADE,QSCMM,VADV,305,157,192,1.59,SOFT,SAND,UNEV,unkn,UNEV,NSTD,DNST,200
USGS,8329918,171,7/20/2016 9:42,MDT,Yes,TLH,USGS,12.69,839,Fair,0.01,1.5,Clear,NONE,2,Channel 2,WADE,QSCMM,VADV,534,207,297,1.8,SOFT,SAND,UNEV,unkn,UNEV,NSTD,DNST,200
USGS,8329918,172,8/23/2016 10:03,MDT,Yes,TLH,USGS,12.7,816,Poor,-0.02,1.4,Clear,NONE,1,MAIN,WADE,QSCMM,VADV,816,473,524,1.56,SOFT,SAND,UNEV,unkn,UNEV,NSTD,DNST,200
USGS,8329918,173,8/31/2016 11:39,MDT,Yes,TLH,USGS,12.59,549,Poor,0.01,1.1,Clear,NONE,1,MAIN,WADE,QSCMM,VADV,549,367,369,1.49,SOFT,SAND,UNEV,unkn,UNEV,NSTD,DNST,200
USGS,8329918,174,9/23/2016 10:24,MDT,Yes,TJA,USGS,12.55,436,Fair,-0.01,1.4,Clear,NONE,1,MAIN,WADE,QSCMM,VADV,436,324,289,1.51,SOFT,SAND,EVEN,unkn,EVEN,STND,UPST,600
USGS,8329918,175,10/6/2016 14:17,MDT,Yes,GHS,USGS,12.14,198,Fair,-0.01,0.8,Clear,NONE,1,CHANNELS,WADE,QSCMM,VADV,198,191,131,1.51,SOFT,SAND,UNEV,unkn,UNEV,UNKN,DNST,100
USGS,8329918,176,10/24/2016 13:02,MDT,Yes,TLH,USGS,11.83,216,Poor,0.01,0.7,Clear,NONE,1,MAIN,WADE,QSCMM,VADV,216,197,142,1.52,SOFT,SAND,UNEV,unkn,UNEV,NSTD,DNST,200
USGS,8329918,177,12/1/2016 11:25,MST,Yes,TLH,USGS,12.66,825,Poor,0.05,1.6,Clear,NONE,1,MAIN,WADE,QSCMM,VADV,825,504,551,1.5,SOFT,SAND,UNEV,unkn,UNEV,NSTD,DNST,30
USGS,8329918,178,3/3/2017 14:42,MST,Yes,TLH,USGS,12.57,697,Poor,0,1.3,Clear,NONE,1,"two channels, most flow in Right channel",WADE,QSCMM,VADV,697,442,523,1.33,SOFT,SAND,UNEV,unkn,UNEV,NSTD,DNST,250
USGS,8329918,179,4/5/2017 11:12,MDT,Yes,TLH/BJR,USGS,14.08,3190,Poor,0.02,0.3,Clear,NONE,1,LEW channel of two,BRDS,QADCP,VADCP,1300,249,531,2.45,SOFT,SAND,UNEV,unkn,UNEV,NSTD,DNST,40
USGS,8329918,179,4/5/2017 11:12,MDT,Yes,TLH/BJR,USGS,14.08,3190,Poor,0.02,0.3,Clear,NONE,2,REW channel of two,BRDS,QADCP,VADCP,1890,208,630,3.01,SOFT,SAND,UNEV,unkn,UNEV,NSTD,DNST,60
USGS,8329918,180,4/25/2017 11:40,MDT,Yes,CPL/ERJ,USGS,14.51,4240,Poor,0.06,1.1,Clear,NONE,1,Left Channel,BRDS,QADCP,VADCP,2340,260,732,3.2,SOFT,SAND,UNEV,unkn,EVEN,STND,DNST,30
USGS,8329918,180,4/25/2017 11:40,MDT,Yes,CPL/ERJ,USGS,14.51,4240,Poor,0.06,1.1,Clear,NONE,2,Right Channel,BRDS,QADCP,VADCP,1900,219,656,2.9,SOFT,CBLS,UNEV,unkn,UNEV,STND,DNST,30
USGS,8329918,181,5/10/2017 11:25,MDT,Yes,CPL/ERJ,USGS,14.38,4230,Poor,-0.03,1.2,Clear,BYPS,1,Main Left Channel,BRDS,QADCP,VADCP,2380,264,789,3.02,SOFT,SAND,UNEV,unkn,EVEN,STND,DNST,30
USGS,8329918,181,5/10/2017 11:25,MDT,Yes,CPL/ERJ,USGS,14.38,4230,Poor,-0.03,1.2,Clear,BYPS,2,Main Right Channel,BRDS,QADCP,VADCP,1830,217,768,2.38,SOFT,SAND,UNEV,unkn,EVEN,STND,DNST,30
USGS,8329918,182,6/6/2017 16:45,MDT,Yes,CPL/ERJ,USGS,13.81,3390,Poor,,,Clear,NONE,1,Right Channel,BRDS,QADCP,VADCP,1190,205,516,2.3,SOFT,SAND,UNEV,unkn,UNEV,STND,DNST,30
USGS,8329918,182,6/6/2017 16:45,MDT,Yes,CPL/ERJ,USGS,13.81,3390,Poor,,,Clear,NONE,2,Left Channel,BRDS,QADCP,VADCP,2200,254,748,2.94,SOFT,SAND,UNEV,unkn,UNEV,STND,DNST,30
USGS,8329918,183,6/26/2017 12:41,MDT,Yes,BJR,USGS,12.41,1090,Fair,0.03,3.16,DebrisLight,NONE,1,Left channel,WADE,QSCMM,VADV,579,178,309,1.87,SOFT,SAND,UNEV,unkn,EVEN,STND,DNST,100
USGS,8329918,183,6/26/2017 12:41,MDT,Yes,BJR,USGS,12.41,1090,Fair,0.03,3.16,DebrisLight,NONE,2,Right Channel,WADE,QSCMM,VADV,507,224,310,1.63,SOFT,SAND,UNEV,unkn,UNEV,NSTD,DNST,100
USGS,8329918,184,7/21/2017 12:31,MDT,Yes,CPL,USGS,12.36,731,Fair,0.01,1,Clear,NONE,1,Main,WADE,QSCMM,VADV,731,270,394,1.86,SOFT,SAND,UNEV,unkn,EVEN,STND,UPST,600
USGS,8329918,185,9/18/2017 14:16,MDT,Yes,CPL,USGS,12.48,664,Fair,0.01,1.2,Clear,NONE,1,Main,WADE,QSCMM,VADV,664,288,386,1.72,SOFT,SAND,UNEV,STDY,EVEN,STND,UPST,1000
USGS,8329918,186,11/8/2017 15:35,MST,Yes,CPL/ERJ,USGS,13.03,1070,Good,-0.01,1.4,Clear,NONE,1,Main,WADE,QSCMM,VADV,1070,424,603,1.77,SOFT,SAND,UNEV,STDY,EVEN,STND,UPST,40
USGS,8329918,187,12/19/2017 14:38,MST,Yes,CPL/ERJ,USGS,13.13,1100,Fair,-0.01,1.5,Clear,NONE,1,Main,WADE,QSCMM,VADV,1100,390,579,1.9,SOFT,SAND,UNEV,STDY,EVEN,STND,UPST,100
USGS,8329918,188,3/22/2018 15:58,MDT,Yes,CPL,USGS,12.71,542,Fair,-0.01,1.9,Clear,NONE,1,Main Left Channel,WADE,QSCMM,VADV,375,146,189,1.99,SOFT,SAND,UNEV,STDY,EVEN,STND,UPST,100
USGS,8329918,188,3/22/2018 15:58,MDT,Yes,CPL,USGS,12.71,542,Fair,-0.01,1.9,Clear,NONE,2,Main right channel,WADE,QSCMM,VADV,166,132,120,1.38,SOFT,SAND,UNEV,STDY,EVEN,STND,DNST,30
USGS,8329918,189,4/25/2018 15:10,MDT,Yes,CPL,USGS,12.77,584,Fair,0,1.3,Clear,NONE,1,Left Channel,WADE,QSCMM,VADV,390,188,224,1.74,SOFT,SAND,UNEV,STDY,EVEN,STND,UPST,30
USGS,8329918,189,4/25/2018 15:10,MDT,Yes,CPL,USGS,12.77,584,Fair,0,1.3,Clear,NONE,2,Right Channel,WADE,QSCMM,VADV,194,172,133,1.46,SOFT,SAND,UNEV,STDY,EVEN,STND,UPST,150
USGS,8329918,190,6/26/2018 8:32,MDT,Yes,CPL,USGS,12.96,631,Fair,0.01,1,Clear,NONE,1,Main,WADE,QSCMM,VADV,631,284,380,1.66,SOFT,SAND,UNEV,STDY,EVEN,STND,UPST,300
USGS,8329918,191,8/14/2018 12:58,MDT,Yes,CPL,USGS,12.74,495,Good,0.01,1,Clear,NONE,1,Main,WADE,QSCMM,VADV,495,378,306,1.62,SOFT,SAND,UNEV,STDY,EVEN,STND,UPST,50
USGS,8329918,192,10/3/2018 12:00,MDT,Yes,CPL,USGS,12.48,245,Fair,0,1.2,Clear,NONE,1,Main Left Channel,WADE,QSCMM,VADV,163,100,101,1.62,SOFT,SAND,UNEV,STDY,UNEV,STND,UPST,50
USGS,8329918,192,10/3/2018 12:00,MDT,Yes,CPL,USGS,12.48,245,Fair,0,1.2,Clear,NONE,2,Main Right Channel,WADE,QSCMM,VADV,82.1,90,62.6,1.31,SOFT,SAND,UNEV,STDY,EVEN,STND,DNST,150
USGS,8329918,193,11/28/2018 14:14,MST,Yes,CPL/GHS,USGS,12.51,306,Fair,-0.01,0.5,Clear,NONE,1,Left Channel,WADE,QSCMM,VADV,217,124,130,1.67,SOFT,SAND,UNEV,STDY,EVEN,STND,UPST,20
USGS,8329918,193,11/28/2018 14:14,MST,Yes,CPL/GHS,USGS,12.51,306,Fair,-0.01,0.5,Clear,NONE,2,Right Channel,WADE,QSCMM,VADV,88.4,81,60.3,1.46,SOFT,SAND,UNEV,STDY,EVEN,STND,DNST,75
USGS,8329918,194,1/28/2019 10:26,MST,Yes,CPL,USGS,12.75,521,Poor,-0.01,1.1,Clear,NONE,1,Main Right Channel,WADE,QSCMM,VADV,222,182,139,1.6,SOFT,SAND,UNEV,STDY,UNEV,STND,UPST,40
USGS,8329918,194,1/28/2019 10:26,MST,Yes,CPL,USGS,12.75,521,Poor,-0.01,1.1,Clear,NONE,2,Main,WADE,QSCMM,VADV,298,169,162,1.84,SOFT,SAND,UNEV,STDY,UNEV,STND,UPST,40
USGS,8329918,195,3/18/2019 10:32,MDT,Yes,CPL,USGS,13.67,1350,Poor,0,1.8,Clear,NONE,1,Main Left Channel,WADE,QSCMM,VADV,849,180,350,2.42,SOFT,CBLS,UNEV,STDY,UNEV,STND,DNST,30
USGS,8329918,195,3/18/2019 10:32,MDT,Yes,CPL,USGS,13.67,1350,Poor,0,1.8,Clear,NONE,2,Main Right Channel,WADE,QSCMM,VADV,503,156,240,2.1,SOFT,SAND,UNEV,STDY,UNEV,STND,DNST,30
USGS,8329918,196,4/9/2019 10:00,MDT,Yes,CPL/TLH,USGS,13.88,1880,Poor,-0.01,1.1,Clear,NONE,1,Main Right Channel,BRDS,QADCP,VADCP,552,156,266,2.07,SOFT,SAND,UNEV,STDY,UNEV,STND,DNST,30
USGS,8329918,196,4/9/2019 10:00,MDT,Yes,CPL/TLH,USGS,13.88,1880,Poor,-0.01,1.1,Clear,NONE,2,Main Left Channel,BRDS,QADCP,VADCP,1290,234,547,2.35,SOFT,SAND,UNEV,STDY,EVEN,STND,DNST,20
USGS,8329918,196,4/9/2019 10:00,MDT,Yes,CPL/TLH,USGS,13.88,1880,Poor,-0.01,1.1,Clear,NONE,3,Right Side Channel,BRDS,QADCP,VADCP,41.7,33.3,36.4,1.14,SOFT,SAND,UNEV,STDY,UNEV,STND,DNST,30
USGS,8329918,197,5/14/2019 9:44,MDT,Yes,CPL/CCK,USGS,14.63,4970,Poor,-0.02,0.7,Clear,BYPS,1,Left Channel,BRDS,QADCP,VADCP,3090,255,874,3.54,SOFT,SAND,UNEV,STDY,EVEN,STND,DNST,20
USGS,8329918,197,5/14/2019 9:44,MDT,Yes,CPL/CCK,USGS,14.63,4970,Poor,-0.02,0.7,Clear,BYPS,2,Right Channel,BRDS,QADCP,VADCP,1670,213,597,2.8,SOFT,SAND,UNEV,STDY,UNEV,STND,DNST,20
USGS,8329918,198,6/4/2019 12:46,MDT,Yes,CPL,USGS,14.09,3520,Poor,0.01,0.8,Clear,NONE,1,Left Channel,BRDS,QADCP,VADCP,2470,248,778,3.17,SOFT,SAND,UNEV,STDY,EVEN,STND,DNST,40
USGS,8329918,198,6/4/2019 12:46,MDT,Yes,CPL,USGS,14.09,3520,Poor,0.01,0.8,Clear,NONE,2,Right Channel,BRDS,QADCP,VADCP,1060,208,432,2.45,SOFT,SAND,UNEV,STDY,EVEN,STND,DNST,40
USGS,8329918,199,7/11/2019 12:19,MDT,Yes,CPL,USGS,13.42,2890,Poor,0,0.9,Clear,BYPS,1,Left (1) Channel,BRDS,QADCP,VADCP,44.6,33.3,41.6,1.07,SOFT,SAND,UNEV,STDY,EVEN,STND,DNST,20
USGS,8329918,199,7/11/2019 12:19,MDT,Yes,CPL,USGS,13.42,2890,Poor,0,0.9,Clear,BYPS,2,Left (2) Channel,BRDS,QADCP,VADCP,2250,188,682,3.3,SOFT,SAND,UNEV,STDY,EVEN,STND,DNST,20
USGS,8329918,199,7/11/2019 12:19,MDT,Yes,CPL,USGS,13.42,2890,Poor,0,0.9,Clear,BYPS,3,Right Channel,BRDS,QADCP,VADCP,446,206,312,1.43,SOFT,SAND,UNEV,STDY,EVEN,STND,DNST,15
USGS,8329918,200,8/15/2019 11:35,MDT,Yes,CPL/CWI,USGS,13.15,1570,Poor,0.03,1.5,Clear,NONE,1,LeftChannel(1),BRDS,QADCP,VADCP,1310,191,532,2.46,SOFT,SAND,UNEV,STDY,EVEN,STND,DNST,30
USGS,8329918,200,8/15/2019 11:35,MDT,Yes,CPL/CWI,USGS,13.15,1570,Poor,0.03,1.5,Clear,NONE,2,LeftChannel(2),BRDS,QADCP,VADCP,24.6,32.3,18,1.36,SOFT,SAND,UNEV,STDY,EVEN,STND,DNST,25
USGS,8329918,200,8/15/2019 11:35,MDT,Yes,CPL/CWI,USGS,13.15,1570,Poor,0.03,1.5,Clear,NONE,3,RightChannel(1),BRDS,QADCP,VADCP,136,134,123,1.1,SOFT,SAND,UNEV,STDY,EVEN,STND,DNST,20
USGS,8329918,200,8/15/2019 11:35,MDT,Yes,CPL/CWI,USGS,13.15,1570,Poor,0.03,1.5,Clear,NONE,4,RightChannel(2),BRDS,QADCP,VADCP,101,56.6,69.6,1.46,SOFT,SAND,UNEV,STDY,EVEN,STND,DNST,20
USGS,8329918,201,10/3/2019 10:56,MDT,Yes,CPL,USGS,12.28,440,Fair,0.01,0.9,Clear,NONE,1,Main,WADE,QSCMM,VADV,440,268,339,1.3,SOFT,SAND,UNEV,STDY,EVEN,STND,ATGA,0
USGS,8329918,202,11/15/2019 12:12,MST,Yes,CST/CPL,USGS,13.05,1050,Poor,0,2.07,DebrisLight,NONE,1,Right side of main channel,WADE,QSCMM,VADV,20.1,29.5,19.7,1.02,SOFT,silt,UNEV,PULS,UNEV,STND,DNST,50
USGS,8329918,202,11/15/2019 12:12,MST,Yes,CST/CPL,USGS,13.05,1050,Poor,0,2.07,DebrisLight,NONE,2,Right channel,WADE,QSCMM,VADV,220,124,135,1.63,SOFT,silt,UNEV,PULS,UNEV,STND,DNST,50
USGS,8329918,202,11/15/2019 12:12,MST,Yes,CST/CPL,USGS,13.05,1050,Poor,0,2.07,DebrisLight,NONE,3,Main,BRDS,QADCP,VADCP,810,189,425,1.91,SOFT,silt,EVEN,UNSP,UNEV,STND,DNST,40
USGS,8329918,203,12/4/2019 14:00,MST,Yes,CST,USGS,12.7,909,Fair,0.01,1.75,ScourControlChanged,NONE,1,Right side of main channel,WADE,QSCMM,VADV,286,126,154,1.86,SOFT,silt,UNEV,STDY,UNEV,STND,DNST,150
USGS,8329918,203,12/4/2019 14:00,MST,Yes,CST,USGS,12.7,909,Fair,0.01,1.75,ScourControlChanged,NONE,2,Right Channel,WADE,QSCMM,VADV,108,138,101,1.07,SOFT,silt,UNEV,UNSP,UNEV,UNSP,DNST,250
USGS,8329918,203,12/4/2019 14:00,MST,Yes,CST,USGS,12.7,909,Fair,0.01,1.75,ScourControlChanged,NONE,3,Mid Channel,WADE,QSCMM,VADV,2.38,9,2.94,0.81,SOFT,silt,UNEV,UNSP,UNEV,UNSP,DNST,200
USGS,8329918,203,12/4/2019 14:00,MST,Yes,CST,USGS,12.7,909,Fair,0.01,1.75,ScourControlChanged,NONE,4,Main,BRDS,QADCP,VADCP,512,46.8,206,2.48,SOFT,silt,UNEV,STDY,UNEV,STND,DNST,150
USGS,8329918,204,1/15/2020 12:08,MST,Yes,CST,USGS,12.61,643,Fair,0,0.85,Clear,NONE,1,Right,WADE,QSCMM,VADV,38.3,132,62.5,0.61,SOFT,silt,UNEV,PULS,UNEV,STND,DNST,200
USGS,8329918,204,1/15/2020 12:08,MST,Yes,CST,USGS,12.61,643,Fair,0,0.85,Clear,NONE,2,Main,WADE,QSCMM,VADV,605,210,326,1.86,SOFT,silt,UNEV,STDY,UNEV,STND,UPST,200
USGS,8329918,205,2/8/2020 13:39,MST,Yes,CST,USGS,12.8,622,Fair,0.01,2.37,Clear,NONE,1,Main,WADE,QSCMM,VADV,579,202,319,1.82,SOFT,silt,UNEV,PULS,UNEV,STND,UPST,200
USGS,8329918,205,2/8/2020 13:39,MST,Yes,CST,USGS,12.8,622,Fair,0.01,2.37,Clear,NONE,2,Right,WADE,QSCMM,VADV,42.1,135,77.4,0.54,SOFT,silt,UNEV,PULS,UNEV,STND,DNST,200
USGS,8329918,206,2/27/2020 11:57,MST,Yes,TJA/CWI,USGS,12.32,724,Poor,0.06,1.25,Clear,NONE,1,Second,WADE,QSCMM,VADV,74.4,153,64,1.16,SOFT,SAND,UNEV,STDY,EVEN,STND,DNST,300
USGS,8329918,206,2/27/2020 11:57,MST,Yes,TJA/CWI,USGS,12.32,724,Poor,0.06,1.25,Clear,NONE,2,Main,BRDS,QADCP,VADCP,650,178,283,2.3,SOFT,SAND,UNEV,STDY,UNEV,NSTD,DNST,20
USGS,8329918,207,3/11/2020 14:08,MDT,Yes,CWI/TLH,USGS,12.6,722,Poor,,,Clear,NONE,1,WADE,WADE,QSCMM,VADV,52.7,123,47.9,1.1,FIRM,SAND,EVEN,STDY,UNEV,UNKN,DNST,250
USGS,8329918,207,3/11/2020 14:08,MDT,Yes,CWI/TLH,USGS,12.6,722,Poor,,,Clear,NONE,2,MAIN,BRDS,QADCP,VADCP,669,178,316,2.12,SOFT,SAND,UNEV,STDY,EVEN,UNKN,DNST,70
USGS,8329918,208,4/14/2020 12:10,MDT,Yes,CWI/MJW,USGS,12.72,650,Fair,,,Clear,NONE,1,WADE MAIN,WADE,QSCMM,VADV,598,191,345,1.73,SOFT,SAND,UNEV,STDY,UNSP,UNKN,DNST,50
USGS,8329918,208,4/14/2020 12:10,MDT,Yes,CWI/MJW,USGS,12.72,650,Fair,,,Clear,NONE,2,WADE2,WADE,QSCMM,VADV,52.2,132,60.3,0.87,SOFT,SAND,UNEV,STDY,UNSP,UNKN,UNSP,50
USGS,8329918,209,5/13/2020 11:50,MDT,Yes,CWI,USGS,12.77,701,Poor,,,Clear,NONE,1,Main,WADE,QSCMM,VADV,637,194,354,1.8,SOFT,SAND,UNEV,STDY,UNEV,UNKN,DNST,1277
USGS,8329918,209,5/13/2020 11:50,MDT,Yes,CWI,USGS,12.77,701,Poor,,,Clear,NONE,2,Side,WADE,QSCMM,VADV,64.4,114,51,1.26,FIRM,SAND,UNEV,STDY,UNSP,UNKN,DNST,150
USGS,8329918,210,6/18/2020 13:02,MDT,Yes,CWI/TLH,USGS,12.89,779,Fair,,,Clear,NONE,1,Mid chan,WADE,QSCMM,VADV,8.48,25,8.93,0.95,SOFT,SAND,UNEV,STDY,EVEN,UNFM,DNST,200
USGS,8329918,210,6/18/2020 13:02,MDT,Yes,CWI/TLH,USGS,12.89,779,Fair,,,Clear,NONE,2,Right chan,WADE,QSCMM,VADV,112,144,94.9,1.18,SOFT,SAND,UNEV,STDY,EVEN,UNFM,DNST,1000
USGS,8329918,210,6/18/2020 13:02,MDT,Yes,CWI/TLH,USGS,12.89,779,Fair,,,Clear,NONE,3,Main,BRDS,QADCP,VADCP,658,196,347,1.9,SOFT,SAND,UNEV,STDY,UNSP,UNFM,DNST,100
USGS,8329918,211,7/1/2020 14:18,MDT,Yes,CWI,USGS,12.53,707,Fair,,,Clear,NONE,1,Main,WADE,QSCMM,VADV,595,192,300,1.98,SOFT,SAND,UNEV,STDY,UNSP,UNKN,DNST,150
USGS,8329918,211,7/1/2020 14:18,MDT,Yes,CWI,USGS,12.53,707,Fair,,,Clear,NONE,2,Side,WADE,QSCMM,VADV,112,120,81.2,1.38,SOFT,SAND,EVEN,STDY,UNSP,UNKN,DNST,1500
USGS,8329918,212,7/15/2020 13:14,MDT,Yes,CWI,USGS,12.01,548,Poor,,,Clear,NONE,1,main,WADE,QSCMM,VADV,493,188,297,1.66,SOFT,SAND,UNSP,STDY,UNSP,UNKN,DNST,200
USGS,8329918,212,7/15/2020 13:14,MDT,Yes,CWI,USGS,12.01,548,Poor,,,Clear,NONE,2,side,WADE,QSCMM,VADV,54.9,102,53,1.04,SOFT,SAND,UNEV,STDY,UNSP,UNKN,UPST,2000
USGS,8329918,213,7/21/2020 14:46,MDT,Yes,CWI,USGS,11.71,400,Fair,,,Clear,NONE,1,MAIN,WADE,QSCMM,VADV,376,186,203,1.85,SOFT,SAND,UNEV,STDY,UNSP,UNKN,DNST,100
USGS,8329918,213,7/21/2020 14:46,MDT,Yes,CWI,USGS,11.71,400,Fair,,,Clear,NONE,2,SIDE,WADE,QSCMM,VADV,24.4,54,23.8,1.03,SOFT,SAND,EVEN,STDY,EVEN,UNFM,UPST,1000
USGS,8329918,214,9/16/2020 11:27,MDT,Yes,CWI,USGS,11.06,182,Fair,,,Clear,NONE,1,QM214,WADE,QSCMM,VADV,182,206,128,1.43,SOFT,SAND,UNEV,STDY,EVEN,UNFM,UPST,500
USGS,8329918,215,9/16/2020 12:11,MDT,Yes,CWI,USGS,11.07,194,Fair,,,Clear,NONE,1,QM215 CHECK QM,WADE,QSCMM,VADV,194,206,131,1.48,SOFT,SAND,UNEV,STDY,EVEN,UNFM,UPST,500
USGS,8329918,216,10/7/2020 11:56,MDT,Yes,CWI,USGS,11.05,164,Fair,,,Clear,NONE,1,Main,WADE,QSCMM,VADV,164,208,117,1.4,SOFT,SAND,UNEV,STDY,UNSP,UNKN,UPST,200
USGS,8329918,217,12/2/2020 12:02,MST,Yes,CWI,USGS,12.48,640,Fair,,,Clear,NONE,1,SIDE,WADE,QSCMM,VADV,38,127,68.2,0.56,SOFT,SAND,UNEV,STDY,UNSP,UNFM,DNST,600
USGS,8329918,217,12/2/2020 12:02,MST,Yes,CWI,USGS,12.48,640,Fair,,,Clear,NONE,2,MAIN,WADE,QSCMM,VADV,602,214,377,1.6,SOFT,SAND,UNEV,STDY,UNSP,NSTD,UPST,400
USGS,8329918,218,12/17/2020 13:20,MST,Yes,cwi,USGS,11.72,493,Poor,,,Clear,NONE,1,MAIN,WADE,QSCMM,VADV,493,220,279,1.77,SOFT,SAND,UNEV,STDY,UNSP,UNKN,UPST,1000
USGS,8329918,219,1/28/2021 14:24,MST,Yes,CWI,USGS,12.09,504,Fair,,,Clear,NONE,1,MAIN,WADE,QSCMM,VADV,504,189,312,1.62,SOFT,SAND,UNEV,STDY,UNEV,UNFM,DNST,100
USGS,8329918,220,2/22/2021 11:25,MST,Yes,CWI,USGS,12.29,541,Fair,,,Clear,NONE,1,MAIN,WADE,QSCMM,VADV,541,226,320,1.69,SOFT,SAND,UNEV,STDY,UNEV,STND,UPST,1000
USGS,8329918,221,3/25/2021 11:29,MDT,Yes,CWI,USGS,12.55,624,Fair,,,Clear,NONE,1,MAIN,WADE,QSCMM,VADV,624,190,340,1.84,SOFT,SAND,UNEV,STDY,EVEN,STND,DNST,100
USGS,8329918,222,5/10/2021 14:20,MDT,Yes,CPL,USGS,13.68,1830,Poor,-0.01,1.9,Clear,NONE,1,Main,BRDS,QSCMM,VADCP,1410,247,601,2.34,SOFT,SAND,UNEV,STDY,EVEN,STND,DNST,20
USGS,8329918,222,5/10/2021 14:20,MDT,Yes,CPL,USGS,13.68,1830,Poor,-0.01,1.9,Clear,NONE,2,Main Right Channel,WADE,QSCMM,VADV,419,196,231,1.82,SOFT,SAND,UNEV,STDY,EVEN,STND,UPST,150
USGS,8329918,223,6/11/2021 9:54,MDT,Yes,CPL,USGS,13.02,903,Fair,0.02,1.7,Clear,NONE,1,Right Channel,WADE,QSCMM,VADV,160,184,121,1.33,SOFT,SAND,UNEV,STDY,EVEN,STND,UPST,150
USGS,8329918,223,6/11/2021 9:54,MDT,Yes,CPL,USGS,13.02,903,Fair,0.02,1.7,Clear,NONE,2,Left Channel,WADE,QSCMM,VADV,743,187,360,2.06,SOFT,SAND,UNEV,STDY,EVEN,STND,UPST,200
USGS,8329918,224,7/20/2021 9:48,MDT,Yes,CPL,USGS,11.2,159,Poor,0.01,0.4,Clear,NONE,1,Main,WADE,QSCMM,VADV,159,132,141,1.13,SOFT,SAND,UNEV,STDY,UNEV,STND,UPST,300
USGS,8329918,225,8/24/2021 8:10,MDT,Yes,CPL,USGS,10.91,104,Good,-0.01,0.6,Clear,NONE,1,Main,WADE,QSCMM,VADV,104,100,77.8,1.33,SOFT,SAND,EVEN,STDY,EVEN,STND,UPST,300
USGS,8329918,226,10/14/2021 9:17,MDT,Yes,CPL,USGS,11.03,167,Fair,0,0.6,Clear,NONE,1,Main,WADE,QSCMM,VADV,167,118,112,1.5,SOFT,SAND,EVEN,STDY,EVEN,STND,UPST,300
USGS,8329918,227,11/16/2021 10:03,MST,Yes,CPL,USGS,12.21,468,Fair,0.01,1.3,Clear,NONE,1,Right Channel,WADE,QSCMM,VADV,5.42,18,4.02,1.35,SOFT,SAND,EVEN,STDY,EVEN,STND,UPST,50
USGS,8329918,227,11/16/2021 10:03,MST,Yes,CPL,USGS,12.21,468,Fair,0.01,1.3,Clear,NONE,2,Main Left Channel,WADE,QSCMM,VADV,463,150,225,2.05,SOFT,SAND,UNEV,STDY,EVEN,STND,UPST,300
USGS,8329918,228,1/19/2022 10:44,MST,Yes,CPL,USGS,12.54,485,Good,0,1.5,Clear,NONE,1,Right Channel,WADE,QSCMM,VADV,16.1,22,10.5,1.53,SOFT,SAND,EVEN,STDY,EVEN,STND,UPST,200
USGS,8329918,228,1/19/2022 10:44,MST,Yes,CPL,USGS,12.54,485,Good,0,1.5,Clear,NONE,2,Left Channel,WADE,QSCMM,VADV,469,158,237,1.98,SOFT,SAND,UNEV,STDY,EVEN,STND,UPST,300
USGS,8329918,229,2/23/2022 10:57,MST,Yes,CPL,USGS,12.6,510,Good,0.01,1.2,Clear,NONE,1,Right Channel,WADE,QSCMM,VADV,21.7,19,10.5,2.06,SOFT,SAND,EVEN,STDY,EVEN,STND,UPST,150
USGS,8329918,229,2/23/2022 10:57,MST,Yes,CPL,USGS,12.6,510,Good,0.01,1.2,Clear,NONE,2,Left Channel,WADE,QSCMM,VADV,488,186,269,1.82,SOFT,SAND,UNEV,STDY,EVEN,STND,UPST,200
USGS,8329918,230,3/30/2022 10:56,MDT,Yes,CPL,USGS,12.87,610,Fair,0,1.4,Clear,NONE,1,Right Channel,WADE,QSCMM,VADV,62.3,80,47.4,1.31,SOFT,SAND,EVEN,STDY,EVEN,STND,UPST,250
USGS,8329918,230,3/30/2022 10:56,MDT,Yes,CPL,USGS,12.87,610,Fair,0,1.4,Clear,NONE,2,Main,WADE,QSCMM,VADV,548,184,305,1.79,SOFT,SAND,UNEV,STDY,EVEN,STND,UPST,100
USGS,8329918,231,4/25/2022 12:23,MDT,Yes,CPL,USGS,13.87,1860,Poor,-0.01,1.9,Clear,BYPS,1,Right Channel,WADE,QSCMM,VADV,478,216,261,1.83,SOFT,SAND,UNEV,STDY,EVEN,STND,UPST,50
USGS,8329918,231,4/25/2022 12:23,MDT,Yes,CPL,USGS,13.87,1860,Poor,-0.01,1.9,Clear,BYPS,2,Left Channel,BRDS,QADCP,VADCP,1340,200,537,2.51,SOFT,SAND,UNEV,STDY,EVEN,STND,DNST,30
USGS,8329918,232,5/17/2022 12:52,MDT,No,,,,,,,,,,,,,,,,,,,,,,,,,,
USGS,8329918,233,6/29/2022 13:57,MDT,Yes,CPL,USGS,12.08,577,Fair,-0.01,1.3,Unspecifed,NONE,1,Right Channel,WADE,QSCMM,VADV,53,60,49,1.08,SOFT,SAND,UNEV,STDY,EVEN,STND,UPST,350
USGS,8329918,233,6/29/2022 13:57,MDT,Yes,CPL,USGS,12.08,577,Fair,-0.01,1.3,Unspecifed,NONE,2,Left Channel,WADE,QSCMM,VADV,524,242,293,1.79,SOFT,SAND,UNEV,STDY,EVEN,STND,UPST,300
USGS,8329918,234,7/26/2022 10:19,MDT,Yes,CPL,USGS,10.73,26.5,Fair,-0.01,0.6,Clear,NONE,1,Main,WADE,QSCMM,VADV,26.5,46,22.1,1.2,SOFT,SAND,EVEN,STDY,EVEN,STND,UPST,300
USGS,8329918,235,8/23/2022 13:28,MDT,Yes,CPL,USGS,12.66,1070,Poor,-0.05,1.6,Clear,NONE,1,Main Right Ch,WADE,QSCMM,VADV,130,116,86.3,1.5,SOFT,SAND,UNEV,STDY,EVEN,STND,DNST,30
USGS,8329918,235,8/23/2022 13:28,MDT,Yes,CPL,USGS,12.66,1070,Poor,-0.05,1.6,Clear,NONE,2,Main Left Ch,BRDS,QADCP,VADCP,940,193,407,2.31,SOFT,SAND,UNEV,STDY,EVEN,STND,DNST,30
USGS,8329918,236,8/23/2022 14:57,MDT,Yes,CPL,USGS,12.62,1030,Poor,-0.05,2.1,Clear,NONE,1,Main Left Ch,WADE,QSCMM,VADV,901,162,376,2.4,SOFT,SAND,UNEV,STDY,EVEN,STND,DNST,40
USGS,8329918,236,8/23/2022 14:57,MDT,Yes,CPL,USGS,12.62,1030,Poor,-0.05,2.1,Clear,NONE,2,Main Right Ch,WADE,QSCMM,VADV,130,116,86.3,1.5,SOFT,SAND,UNEV,STDY,EVEN,STND,DNST,30
USGS,8329918,237,9/28/2022 11:22,MDT,Yes,CPL,USGS,11.74,471,Fair,-0.01,1.3,Clear,NONE,1,Right Channel,WADE,QSCMM,VADV,16,50,22.9,0.7,SOFT,SAND,UNEV,STDY,EVEN,STND,UPST,200
USGS,8329918,237,9/28/2022 11:22,MDT,Yes,CPL,USGS,11.74,471,Fair,-0.01,1.3,Clear,NONE,2,Left Channel,WADE,QSCMM,VADV,455,186,242,1.88,SOFT,SAND,UNEV,STDY,EVEN,STND,UPST,300
USGS,8329918,238,10/26/2022 11:23,MDT,Yes,CPL,USGS,12.23,430,Fair,0,1.3,Clear,NONE,1,Right Channel,WADE,QSCMM,VADV,26.9,52,17.2,1.56,SOFT,SAND,EVEN,STDY,EVEN,STND,UPST,250
USGS,8329918,238,10/26/2022 11:23,MDT,Yes,CPL,USGS,12.23,430,Fair,0,1.3,Clear,NONE,2,Left Channel,WADE,QSCMM,VADV,403,153,220,1.83,SOFT,SAND,UNEV,STDY,EVEN,STND,UPST,250
USGS,8329918,239,11/30/2022 11:10,MST,Yes,CPL/NJR,USGS,13.27,1250,Fair,-0.01,1,Clear,NONE,1,Main Right Ch,BRDS,QADCP,VADCP,201,115,122,1.65,SOFT,SAND,UNEV,STDY,EVEN,STND,DNST,40
USGS,8329918,239,11/30/2022 11:10,MST,Yes,CPL/NJR,USGS,13.27,1250,Fair,-0.01,1,Clear,NONE,2,Main,BRDS,QADCP,VADCP,1040,189,430,2.43,SOFT,SAND,UNEV,STDY,EVEN,STND,DNST,40
USGS,8329918,240,12/20/2022 10:02,MST,Yes,CPL,USGS,12.32,349,Poor,-0.02,1.8,Clear,NONE,1,Left Channel,WADE,QSCMM,VADV,315,108,163,1.93,SOFT,SAND,UNEV,STDY,EVEN,STND,UPST,200
USGS,8329918,240,12/20/2022 10:02,MST,Yes,CPL,USGS,12.32,349,Poor,-0.02,1.8,Clear,NONE,2,Right Channel,WADE,QSCMM,VADV,34.5,59,33.8,1.02,SOFT,SAND,UNEV,STDY,EVEN,STND,UPST,200
USGS,8329918,241,1/17/2023 12:30,MST,Yes,CPL,USGS,12.88,655,Fair,0.01,1.3,Clear,NONE,1,Right Channel,WADE,QSCMM,VADV,87.9,56,64.2,1.37,SOFT,SAND,UNEV,STDY,EVEN,STND,UPST,100
USGS,8329918,241,1/17/2023 12:30,MST,Yes,CPL,USGS,12.88,655,Fair,0.01,1.3,Clear,NONE,2,Left Channel,WADE,QSCMM,VADV,567,196,322,1.76,SOFT,SAND,UNEV,STDY,EVEN,STND,UPST,200
USGS,8329918,242,2/16/2023 12:34,MST,Yes,JGM,USGS,12.86,550,Poor,0,1.35,Clear,NONE,1,Main,WADE,QSCMM,VADV,550,266,317,1.74,SOFT,silt,UNEV,PULS,UNEV,UNKN,UPST,300
USGS,8329918,243,3/23/2023 10:42,MDT,Yes,"JGM, CPL",USGS,13.51,1300,Poor,,,Clear,NONE,1,Main,OTHR,other,,20,,,,SOFT,silt,UNEV,PULS,UNEV,UNKN,ATGA,0
USGS,8329918,243,3/23/2023 10:42,MDT,Yes,"JGM, CPL",USGS,13.51,1300,Poor,,,Clear,NONE,2,Main - Left Channel,MBOT,QADCP,VADCP,1080,189,475,2.28,SOFT,silt,UNEV,PULS,UNSP,UNKN,DNST,30
USGS,8329918,243,3/23/2023 10:42,MDT,Yes,"JGM, CPL",USGS,13.51,1300,Poor,,,Clear,NONE,3,Main - Right Channel,MBOT,QADCP,VADCP,199,127,140,1.43,SOFT,silt,UNEV,PULS,UNSP,UNKN,DNST,30
USGS,8329918,244,4/19/2023 10:10,MDT,Yes,"JGM, TLH",USGS,14.09,3330,Poor,,,Clear,NONE,1,Side Channels,OTHR,other,,50,,,,SOFT,silt,UNEV,PULS,UNSP,UNKN,ATGA,0
USGS,8329918,244,4/19/2023 10:10,MDT,Yes,"JGM, TLH",USGS,14.09,3330,Poor,,,Clear,NONE,2,Right Channel,MBOT,QADCP,VADCP,761,149,304,2.5,SOFT,silt,UNEV,PULS,UNSP,UNKN,DNST,50
USGS,8329918,244,4/19/2023 10:10,MDT,Yes,"JGM, TLH",USGS,14.09,3330,Poor,,,Clear,NONE,3,Left Channel,MBOT,QADCP,VADCP,2520,195,756,3.33,SOFT,silt,UNEV,PULS,UNSP,UNKN,DNST,50
USGS,8329918,245,5/15/2023 12:43,MDT,Yes,"JGM, CPL, SK",USGS,14.29,4200,Fair,0.07,0.83,Clear,NONE,1,Estimated Central Flow,OTHR,other,,100,,,,SOFT,silt,UNEV,PULS,UNSP,UNKN,ATGA,0
USGS,8329918,245,5/15/2023 12:43,MDT,Yes,"JGM, CPL, SK",USGS,14.29,4200,Fair,0.07,0.83,Clear,NONE,2,Right Channel,MBOT,QADCP,VADCP,957,142,347,2.76,SOFT,silt,UNEV,PULS,UNSP,UNKN,DNST,50
USGS,8329918,245,5/15/2023 12:43,MDT,Yes,"JGM, CPL, SK",USGS,14.29,4200,Fair,0.07,0.83,Clear,NONE,3,Left Channel,MBOT,QADCP,VADCP,3150,194,802,3.92,SOFT,silt,UNEV,PULS,UNEV,UNKN,DNST,50
USGS,8329918,246,6/23/2023 15:07,MDT,Yes,JGM/CPL,USGS,14.43,4440,Poor,,,Clear,NONE,1,Main,BRDS,QADCP,VADCP,4440,,,,unkn,unkn,unkn,unkn,unkn,UNKN,unkn,
USGS,8329918,247,7/5/2023 12:40,MDT,Yes,"JGM, CPL",USGS,12.91,1630,Fair,,,Clear,NONE,1,Right Channel,MBOT,QADCP,VADCP,279,126,142,1.96,SOFT,silt,UNEV,STDY,UNSP,UNKN,DNST,50
USGS,8329918,247,7/5/2023 12:40,MDT,Yes,"JGM, CPL",USGS,12.91,1630,Fair,,,Clear,NONE,2,Left Channel,MBOT,QADCP,VADCP,1350,194,542,2.49,SOFT,silt,UNEV,STDY,UNSP,UNKN,DNST,50
USGS,8329918,248,8/11/2023 13:18,MDT,Yes,JGM,USGS,11.54,474,Poor,,,Clear,NONE,1,Right Channel,WADE,QSCMM,VADV,31.7,54,43.6,0.73,SOFT,SAND,UNEV,STDY,UNSP,UNKN,DNST,500
USGS,8329918,248,8/11/2023 13:18,MDT,Yes,JGM,USGS,11.54,474,Poor,,,Clear,NONE,2,Left Channel,WADE,QSCMM,VADV,442,258,230,1.92,SOFT,SAND,UNEV,STDY,UNSP,UNKN,DNST,400
USGS,8329918,249,9/6/2023 13:37,MDT,Yes,JGM,USGS,10.49,107,Fair,,,Clear,NONE,1,Main,WADE,QSCMM,VADV,106,92,68.6,1.54,SOFT,SAND,UNEV,STDY,UNSP,UNKN,UPST,100
USGS,8329918,249,9/6/2023 13:37,MDT,Yes,JGM,USGS,10.49,107,Fair,,,Clear,NONE,2,Right Channel,OTHR,other,,1,,,,SOFT,SAND,UNEV,STDY,UNSP,UNKN,DNST,1000
USGS,8329918,250,10/11/2023 11:03,MDT,Yes,JGM,USGS,10.57,126,Fair,,,Clear,NONE,1,Main,WADE,QSCMM,VADV,126,174,110,1.14,SOFT,SAND,UNEV,STDY,UNSP,UNKN,UPST,1000
USGS,8329918,251,10/30/2023 13:59,MDT,Yes,JGM,USGS,10.9,186,Fair,0.01,0.82,Clear,NONE,1,Main,WADE,QSCMM,VADV,186,237,145,1.28,SOFT,SAND,UNEV,PULS,UNSP,UNKN,UPST,1000
